,Number,After 1,2,After 2,3,After 3,4,After 4,5,After 5,6,After 6,7,After 7,8,After 8,9
aback,3,748,anils,1,aback,,,,,,,,,,,,
abase,4,398,deals,11,phase,1,abase,,,,,,,,,,
abate,3,125,least,2,abate,,,,,,,,,,,,
abbey,4,74,alien,2,askew,1,abbey,,,,,,,,,,
abbot,3,73,bloat,1,abbot,,,,,,,,,,,,
abhor,3,20,bolar,2,abhor,,,,,,,,,,,,
abide,4,398,deals,4,amend,1,abide,,,,,,,,,,
abled,3,74,alien,1,abled,,,,,,,,,,,,
abode,2,32,abode,,,,,,,,,,,,,,
abort,2,21,abort,,,,,,,,,,,,,,
about,3,73,bloat,1,about,,,,,,,,,,,,
above,3,32,abode,1,above,,,,,,,,,,,,
abuse,3,398,deals,5,abuse,,,,,,,,,,,,
abyss,3,748,anils,2,abyss,,,,,,,,,,,,
acorn,2,110,acorn,,,,,,,,,,,,,,
acrid,3,326,crans,1,acrid,,,,,,,,,,,,
actor,2,1,actor,,,,,,,,,,,,,,
acute,3,125,least,3,acute,,,,,,,,,,,,
adage,3,398,deals,2,adage,,,,,,,,,,,,
adapt,3,176,slant,2,adapt,,,,,,,,,,,,
adept,4,125,least,4,cheat,2,adept,,,,,,,,,,
admin,3,748,anils,2,admin,,,,,,,,,,,,
admit,3,176,slant,2,admit,,,,,,,,,,,,
adobe,3,32,abode,1,adobe,,,,,,,,,,,,
adopt,3,73,bloat,2,adopt,,,,,,,,,,,,
adore,2,9,adore,,,,,,,,,,,,,,
adorn,3,110,acorn,1,adorn,,,,,,,,,,,,
adult,3,176,slant,1,adult,,,,,,,,,,,,
affix,4,748,anils,2,aphid,1,affix,,,,,,,,,,
afire,4,190,recal,19,grade,2,afire,,,,,,,,,,
afoot,4,73,bloat,2,adopt,1,afoot,,,,,,,,,,
afoul,3,302,monal,1,afoul,,,,,,,,,,,,
after,2,4,after,,,,,,,,,,,,,,
again,4,748,anils,2,admin,1,again,,,,,,,,,,
agape,4,398,deals,8,image,1,agape,,,,,,,,,,
agate,4,125,least,2,abate,1,agate,,,,,,,,,,
agent,5,125,least,4,cheat,2,adept,1,agent,,,,,,,,
agile,5,398,deals,6,ample,3,angle,1,agile,,,,,,,,
aging,4,748,anils,3,aping,1,aging,,,,,,,,,,
aglow,3,302,monal,6,aglow,,,,,,,,,,,,
agony,4,302,monal,3,axion,1,agony,,,,,,,,,,
agora,3,110,acorn,1,agora,,,,,,,,,,,,
agree,2,24,agree,,,,,,,,,,,,,,
ahead,4,398,deals,4,amend,1,ahead,,,,,,,,,,
aider,2,20,aider,,,,,,,,,,,,,,
aisle,3,398,deals,1,aisle,,,,,,,,,,,,
alarm,5,326,crans,7,dwarf,2,quark,1,alarm,,,,,,,,
album,3,748,anils,4,album,,,,,,,,,,,,
alert,3,41,crate,3,alert,,,,,,,,,,,,
algae,4,398,deals,8,glean,1,algae,,,,,,,,,,
alibi,3,748,anils,2,alibi,,,,,,,,,,,,
alien,2,74,alien,,,,,,,,,,,,,,
align,3,748,anils,1,align,,,,,,,,,,,,
alike,4,398,deals,8,glean,2,alike,,,,,,,,,,
alive,5,398,deals,8,glean,2,alike,1,alive,,,,,,,,
allay,5,748,anils,4,album,2,alpha,1,allay,,,,,,,,
alley,3,74,alien,1,alley,,,,,,,,,,,,
allot,3,73,bloat,1,allot,,,,,,,,,,,,
allow,4,302,monal,6,aglow,1,allow,,,,,,,,,,
alloy,4,302,monal,6,aglow,1,alloy,,,,,,,,,,
aloft,3,73,bloat,1,aloft,,,,,,,,,,,,
alone,3,32,abode,2,alone,,,,,,,,,,,,
along,3,302,monal,1,along,,,,,,,,,,,,
aloof,4,302,monal,6,aglow,1,aloof,,,,,,,,,,
aloud,4,302,monal,6,aglow,1,aloud,,,,,,,,,,
alpha,4,748,anils,4,album,2,alpha,,,,,,,,,,
altar,2,6,altar,,,,,,,,,,,,,,
alter,3,4,after,1,alter,,,,,,,,,,,,
amass,4,748,anils,2,abyss,1,amass,,,,,,,,,,
amaze,4,398,deals,8,image,1,amaze,,,,,,,,,,
amber,3,20,aider,2,amber,,,,,,,,,,,,
amble,4,398,deals,6,ample,1,amble,,,,,,,,,,
amend,3,398,deals,4,amend,,,,,,,,,,,,
amiss,3,748,anils,1,amiss,,,,,,,,,,,,
amity,3,176,slant,2,amity,,,,,,,,,,,,
among,3,302,monal,1,among,,,,,,,,,,,,
ample,3,398,deals,6,ample,,,,,,,,,,,,
amply,3,748,anils,2,amply,,,,,,,,,,,,
amuse,4,398,deals,5,abuse,1,amuse,,,,,,,,,,
angel,3,74,alien,1,angel,,,,,,,,,,,,
anger,4,20,aider,2,amber,1,anger,,,,,,,,,,
angle,4,398,deals,6,ample,3,angle,,,,,,,,,,
angry,3,326,crans,1,angry,,,,,,,,,,,,
angst,3,176,slant,1,angst,,,,,,,,,,,,
anime,3,398,deals,4,anime,,,,,,,,,,,,
ankle,5,398,deals,6,ample,3,angle,1,ankle,,,,,,,,
annex,3,74,alien,2,annex,,,,,,,,,,,,
annoy,3,302,monal,1,annoy,,,,,,,,,,,,
annul,3,748,anils,1,annul,,,,,,,,,,,,
anode,3,32,abode,1,anode,,,,,,,,,,,,
antic,3,34,actin,1,antic,,,,,,,,,,,,
anvil,3,748,anils,1,anvil,,,,,,,,,,,,
aorta,3,21,abort,1,aorta,,,,,,,,,,,,
apart,3,105,airts,1,apart,,,,,,,,,,,,
aphid,3,748,anils,2,aphid,,,,,,,,,,,,
aping,3,748,anils,3,aping,,,,,,,,,,,,
apnea,4,74,alien,2,annex,1,apnea,,,,,,,,,,
apple,4,398,deals,6,ample,1,apple,,,,,,,,,,
apply,4,748,anils,2,amply,1,apply,,,,,,,,,,
apron,3,110,acorn,2,apron,,,,,,,,,,,,
aptly,3,34,actin,1,aptly,,,,,,,,,,,,
arbor,4,20,bolar,2,abhor,1,arbor,,,,,,,,,,
ardor,3,20,bolar,2,ardor,,,,,,,,,,,,
arena,4,190,recal,19,grade,1,arena,,,,,,,,,,
argue,4,190,recal,19,grade,1,argue,,,,,,,,,,
arise,4,190,recal,19,grade,1,arise,,,,,,,,,,
armor,4,20,bolar,2,ardor,1,armor,,,,,,,,,,
aroma,3,110,acorn,1,aroma,,,,,,,,,,,,
arose,3,9,adore,1,arose,,,,,,,,,,,,
array,3,326,crans,1,array,,,,,,,,,,,,
arrow,3,110,acorn,1,arrow,,,,,,,,,,,,
arson,4,110,acorn,2,apron,1,arson,,,,,,,,,,
artsy,2,8,artsy,,,,,,,,,,,,,,
ascot,3,73,bloat,3,ascot,,,,,,,,,,,,
ashen,3,74,alien,1,ashen,,,,,,,,,,,,
aside,3,398,deals,1,aside,,,,,,,,,,,,
askew,3,74,alien,2,askew,,,,,,,,,,,,
assay,4,748,anils,2,awash,1,assay,,,,,,,,,,
asset,3,7,ashet,1,asset,,,,,,,,,,,,
atoll,3,73,bloat,1,atoll,,,,,,,,,,,,
atone,2,9,atone,,,,,,,,,,,,,,
attic,3,34,actin,1,attic,,,,,,,,,,,,
audio,3,302,monal,3,audio,,,,,,,,,,,,
audit,4,176,slant,2,admit,1,audit,,,,,,,,,,
augur,3,41,cigar,1,augur,,,,,,,,,,,,
aunty,3,176,slant,2,aunty,,,,,,,,,,,,
avail,3,748,anils,1,avail,,,,,,,,,,,,
avert,4,41,crate,3,alert,1,avert,,,,,,,,,,
avian,4,748,anils,3,aping,1,avian,,,,,,,,,,
avoid,4,302,monal,3,audio,1,avoid,,,,,,,,,,
await,4,176,slant,2,adapt,1,await,,,,,,,,,,
awake,6,398,deals,8,image,4,knave,2,quake,1,awake,,,,,,
award,4,326,crans,7,dwarf,1,award,,,,,,,,,,
aware,5,190,recal,19,grade,4,share,1,aware,,,,,,,,
awash,3,748,anils,2,awash,,,,,,,,,,,,
awful,4,748,anils,4,album,1,awful,,,,,,,,,,
awoke,4,32,abode,2,alone,1,awoke,,,,,,,,,,
axial,4,748,anils,2,alibi,1,axial,,,,,,,,,,
axiom,3,302,monal,1,axiom,,,,,,,,,,,,
axion,3,302,monal,3,axion,,,,,,,,,,,,
azure,5,190,recal,19,grade,2,afire,1,azure,,,,,,,,
bacon,3,104,canso,1,bacon,,,,,,,,,,,,
badge,4,112,value,8,mange,1,badge,,,,,,,,,,
badly,4,743,layin,7,sadly,2,badly,,,,,,,,,,
bagel,3,268,navel,6,bagel,,,,,,,,,,,,
baggy,4,743,layin,17,bawdy,1,baggy,,,,,,,,,,
baker,3,86,gaper,10,baker,,,,,,,,,,,,
baler,4,86,gaper,10,baker,1,baler,,,,,,,,,,
balmy,4,743,layin,7,sadly,1,balmy,,,,,,,,,,
banal,3,743,layin,4,banal,,,,,,,,,,,,
banjo,3,104,canso,2,banjo,,,,,,,,,,,,
barge,3,63,large,1,barge,,,,,,,,,,,,
baron,3,32,caron,1,baron,,,,,,,,,,,,
basal,3,743,layin,6,basal,,,,,,,,,,,,
basic,3,743,layin,6,basic,,,,,,,,,,,,
basil,4,743,layin,3,cavil,1,basil,,,,,,,,,,
basin,3,743,layin,2,basin,,,,,,,,,,,,
basis,4,743,layin,6,basic,1,basis,,,,,,,,,,
baste,2,23,baste,,,,,,,,,,,,,,
batch,3,61,latch,6,batch,,,,,,,,,,,,
bathe,3,8,lathe,1,bathe,,,,,,,,,,,,
baton,2,9,baton,,,,,,,,,,,,,,
batty,4,61,latch,7,patsy,3,batty,,,,,,,,,,
bawdy,3,743,layin,17,bawdy,,,,,,,,,,,,
bayou,3,104,canso,1,bayou,,,,,,,,,,,,
beach,4,398,deals,6,peach,1,beach,,,,,,,,,,
beady,3,398,deals,2,beady,,,,,,,,,,,,
beard,3,190,recal,5,beard,,,,,,,,,,,,
beast,3,125,least,3,beast,,,,,,,,,,,,
beech,4,787,elsin,15,budge,2,beech,,,,,,,,,,
beefy,5,787,elsin,15,budge,2,beech,1,beefy,,,,,,,,
befit,4,304,steil,3,debit,1,befit,,,,,,,,,,
began,3,398,deals,5,began,,,,,,,,,,,,
begat,3,125,least,1,begat,,,,,,,,,,,,
beget,4,97,islet,5,unmet,2,beget,,,,,,,,,,
begin,3,787,elsin,1,begin,,,,,,,,,,,,
begun,3,787,elsin,1,begun,,,,,,,,,,,,
being,4,787,elsin,11,hinge,1,being,,,,,,,,,,
belch,3,787,elsin,15,belch,,,,,,,,,,,,
belie,5,787,elsin,3,devil,2,helix,1,belie,,,,,,,,
belle,5,787,elsin,15,belch,2,belly,1,belle,,,,,,,,
belly,4,787,elsin,15,belch,2,belly,,,,,,,,,,
below,3,317,enols,2,below,,,,,,,,,,,,
bench,4,787,elsin,12,dunce,2,bench,,,,,,,,,,
beret,4,31,rivet,3,egret,1,beret,,,,,,,,,,
berry,5,391,epris,13,mercy,5,derby,1,berry,,,,,,,,
berth,3,99,recit,2,berth,,,,,,,,,,,,
beset,4,97,islet,5,unset,1,beset,,,,,,,,,,
betel,2,49,betel,,,,,,,,,,,,,,
bevel,4,591,lined,10,bleep,2,bevel,,,,,,,,,,
bezel,5,591,lined,10,bleep,2,bevel,1,bezel,,,,,,,,
bible,4,787,elsin,8,bilge,1,bible,,,,,,,,,,
bicep,3,591,lined,1,bicep,,,,,,,,,,,,
biddy,4,920,sulci,19,dingy,1,biddy,,,,,,,,,,
bigot,3,266,houts,5,bigot,,,,,,,,,,,,
bilge,3,787,elsin,8,bilge,,,,,,,,,,,,
billy,4,920,sulci,7,filmy,4,billy,,,,,,,,,,
binge,4,787,elsin,11,hinge,1,binge,,,,,,,,,,
bingo,3,1009,sonly,2,bingo,,,,,,,,,,,,
biome,3,317,enols,4,biome,,,,,,,,,,,,
birch,3,333,cursi,2,birch,,,,,,,,,,,,
birth,3,121,bruit,1,birth,,,,,,,,,,,,
bison,3,1009,sonly,1,bison,,,,,,,,,,,,
bitty,3,82,ditch,3,bitty,,,,,,,,,,,,
black,3,748,anils,9,black,,,,,,,,,,,,
blade,3,398,deals,2,blade,,,,,,,,,,,,
blame,3,398,deals,8,blame,,,,,,,,,,,,
bland,4,748,anils,7,blank,1,bland,,,,,,,,,,
blank,3,748,anils,7,blank,,,,,,,,,,,,
blare,3,190,recal,3,blare,,,,,,,,,,,,
blast,3,176,slant,1,blast,,,,,,,,,,,,
blaze,4,398,deals,8,blame,1,blaze,,,,,,,,,,
bleak,4,398,deals,8,glean,1,bleak,,,,,,,,,,
bleat,4,125,least,4,cleat,2,bleat,,,,,,,,,,
bleed,4,591,lined,2,clued,1,bleed,,,,,,,,,,
bleep,3,591,lined,10,bleep,,,,,,,,,,,,
blend,3,787,elsin,1,blend,,,,,,,,,,,,
bless,4,787,elsin,2,flesh,1,bless,,,,,,,,,,
blimp,4,920,sulci,12,blind,1,blimp,,,,,,,,,,
blind,3,920,sulci,12,blind,,,,,,,,,,,,
blink,4,920,sulci,12,blind,1,blink,,,,,,,,,,
bliss,3,920,sulci,1,bliss,,,,,,,,,,,,
blitz,4,311,inust,8,filth,1,blitz,,,,,,,,,,
bloat,2,73,bloat,,,,,,,,,,,,,,
block,3,1009,sonly,11,block,,,,,,,,,,,,
bloke,4,317,enols,4,globe,1,bloke,,,,,,,,,,
blond,4,1009,sonly,4,blown,1,blond,,,,,,,,,,
blood,4,1009,sonly,11,block,2,blood,,,,,,,,,,
bloom,5,1009,sonly,11,block,2,blood,1,bloom,,,,,,,,
blown,3,1009,sonly,4,blown,,,,,,,,,,,,
bluer,3,182,idler,5,bluer,,,,,,,,,,,,
bluff,4,920,sulci,7,flunk,1,bluff,,,,,,,,,,
blunt,3,311,inust,1,blunt,,,,,,,,,,,,
blurb,4,333,cursi,4,wrung,1,blurb,,,,,,,,,,
blurt,3,121,bruit,1,blurt,,,,,,,,,,,,
blush,3,920,sulci,3,blush,,,,,,,,,,,,
board,3,110,acorn,2,board,,,,,,,,,,,,
boast,3,73,bloat,1,boast,,,,,,,,,,,,
bobby,6,1009,sonly,15,howdy,7,comfy,4,boozy,1,bobby,,,,,,
boney,4,258,novel,6,money,2,boney,,,,,,,,,,
bongo,4,1009,sonly,5,conic,1,bongo,,,,,,,,,,
bonus,3,1009,sonly,1,bonus,,,,,,,,,,,,
booby,6,1009,sonly,15,howdy,7,comfy,4,boozy,1,booby,,,,,,
boost,4,266,houts,5,foist,1,boost,,,,,,,,,,
booth,4,266,houts,3,month,2,booth,,,,,,,,,,
booty,4,266,houts,2,lofty,1,booty,,,,,,,,,,
booze,4,317,enols,4,biome,1,booze,,,,,,,,,,
boozy,5,1009,sonly,15,howdy,7,comfy,4,boozy,,,,,,,,
borax,4,110,acorn,5,royal,1,borax,,,,,,,,,,
borne,4,139,ergos,4,chore,1,borne,,,,,,,,,,
bosom,4,1009,sonly,2,focus,1,bosom,,,,,,,,,,
bossy,3,1009,sonly,2,bossy,,,,,,,,,,,,
botch,2,57,botch,,,,,,,,,,,,,,
bough,4,1009,sonly,8,cough,2,bough,,,,,,,,,,
boule,3,317,enols,3,boule,,,,,,,,,,,,
bound,3,1009,sonly,8,bound,,,,,,,,,,,,
bowel,4,258,novel,3,dowel,1,bowel,,,,,,,,,,
boxer,5,64,vower,11,poser,7,goner,5,boxer,,,,,,,,
brace,3,190,recal,6,brace,,,,,,,,,,,,
braid,4,326,crans,9,drawl,2,braid,,,,,,,,,,
brain,3,326,crans,6,brain,,,,,,,,,,,,
brake,4,190,recal,19,grade,4,brake,,,,,,,,,,
brand,4,326,crans,5,drank,2,brand,,,,,,,,,,
brash,3,326,crans,2,brash,,,,,,,,,,,,
brass,3,326,crans,2,brass,,,,,,,,,,,,
brave,5,190,recal,19,grade,4,brake,1,brave,,,,,,,,
bravo,4,110,acorn,5,royal,1,bravo,,,,,,,,,,
brawl,4,326,crans,9,drawl,1,brawl,,,,,,,,,,
brawn,4,326,crans,6,brain,1,brawn,,,,,,,,,,
bread,3,190,recal,6,bread,,,,,,,,,,,,
break,4,190,recal,6,bread,1,break,,,,,,,,,,
breed,3,178,pried,4,breed,,,,,,,,,,,,
briar,3,41,cigar,2,briar,,,,,,,,,,,,
bribe,5,391,epris,13,bride,2,brine,1,bribe,,,,,,,,
brick,3,333,cursi,2,brick,,,,,,,,,,,,
bride,3,391,epris,13,bride,,,,,,,,,,,,
brief,3,178,pried,2,brief,,,,,,,,,,,,
brine,4,391,epris,13,bride,2,brine,,,,,,,,,,
bring,4,333,cursi,14,grind,2,bring,,,,,,,,,,
brink,4,333,cursi,14,grind,2,brink,,,,,,,,,,
briny,5,333,cursi,14,grind,2,brink,1,briny,,,,,,,,
brisk,3,333,cursi,3,brisk,,,,,,,,,,,,
broad,3,110,acorn,1,broad,,,,,,,,,,,,
broil,4,329,drony,14,croup,6,broil,,,,,,,,,,
broke,5,139,ergos,9,drone,4,probe,1,broke,,,,,,,,
brood,5,329,drony,3,crowd,2,proud,1,brood,,,,,,,,
brook,5,329,drony,14,croup,6,broil,2,brook,,,,,,,,
broom,6,329,drony,14,croup,6,broil,2,brook,1,broom,,,,,,
broth,3,109,horst,3,broth,,,,,,,,,,,,
brown,4,329,drony,5,grown,3,brown,,,,,,,,,,
brunt,3,121,bruit,1,brunt,,,,,,,,,,,,
brush,3,333,cursi,1,brush,,,,,,,,,,,,
brute,4,99,recit,4,stern,1,brute,,,,,,,,,,
buddy,4,920,sulci,18,dumpy,1,buddy,,,,,,,,,,
budge,3,787,elsin,15,budge,,,,,,,,,,,,
buggy,5,920,sulci,18,dumpy,6,funky,1,buggy,,,,,,,,
bugle,4,787,elsin,15,belch,1,bugle,,,,,,,,,,
build,3,920,sulci,4,build,,,,,,,,,,,,
built,3,311,inust,3,built,,,,,,,,,,,,
bulge,4,787,elsin,15,belch,1,bulge,,,,,,,,,,
bulky,3,920,sulci,6,bulky,,,,,,,,,,,,
bully,4,920,sulci,6,bulky,1,bully,,,,,,,,,,
bunch,3,920,sulci,4,bunch,,,,,,,,,,,,
bunny,5,920,sulci,18,dumpy,6,funky,1,bunny,,,,,,,,
burly,3,333,cursi,4,burly,,,,,,,,,,,,
burnt,3,121,bruit,2,burnt,,,,,,,,,,,,
burst,4,121,bruit,2,burnt,1,burst,,,,,,,,,,
bused,3,591,lined,3,bused,,,,,,,,,,,,
bushy,4,920,sulci,9,husky,3,bushy,,,,,,,,,,
butch,3,82,ditch,2,butch,,,,,,,,,,,,
butte,3,56,cutie,1,butte,,,,,,,,,,,,
buxom,3,1009,sonly,8,buxom,,,,,,,,,,,,
buyer,4,182,idler,21,super,2,buyer,,,,,,,,,,
bylaw,4,748,anils,9,black,1,bylaw,,,,,,,,,,
cabal,4,743,layin,6,basal,1,cabal,,,,,,,,,,
cabby,4,743,layin,17,bawdy,1,cabby,,,,,,,,,,
cabin,4,743,layin,2,basin,1,cabin,,,,,,,,,,
cable,3,112,value,7,cable,,,,,,,,,,,,
cacao,3,104,canso,1,cacao,,,,,,,,,,,,
cache,4,112,value,8,mange,1,cache,,,,,,,,,,
cacti,4,199,nasty,3,faith,1,cacti,,,,,,,,,,
caddy,5,743,layin,17,bawdy,4,gaudy,3,caddy,,,,,,,,
cadet,2,26,cadet,,,,,,,,,,,,,,
cagey,3,268,navel,2,cagey,,,,,,,,,,,,
cairn,3,266,hairy,1,cairn,,,,,,,,,,,,
camel,4,268,navel,6,bagel,4,camel,,,,,,,,,,
cameo,2,2,cameo,,,,,,,,,,,,,,
canal,4,743,layin,4,banal,1,canal,,,,,,,,,,
candy,3,743,layin,10,candy,,,,,,,,,,,,
canny,4,743,layin,10,candy,1,canny,,,,,,,,,,
canoe,2,6,canoe,,,,,,,,,,,,,,
canon,3,104,canso,1,canon,,,,,,,,,,,,
caper,3,86,gaper,2,caper,,,,,,,,,,,,
caput,3,199,nasty,6,caput,,,,,,,,,,,,
carat,3,39,party,1,carat,,,,,,,,,,,,
cargo,3,32,caron,1,cargo,,,,,,,,,,,,
carol,3,32,caron,1,carol,,,,,,,,,,,,
carry,3,266,hairy,3,carry,,,,,,,,,,,,
carve,3,63,large,3,carve,,,,,,,,,,,,
caste,3,23,baste,5,caste,,,,,,,,,,,,
catch,7,61,latch,6,batch,5,match,4,patch,3,watch,2,catch,,,,
cater,2,11,cater,,,,,,,,,,,,,,
catty,3,61,latch,1,catty,,,,,,,,,,,,
caulk,4,743,layin,6,basal,1,caulk,,,,,,,,,,
cause,3,112,value,5,cause,,,,,,,,,,,,
cavil,3,743,layin,3,cavil,,,,,,,,,,,,
cease,3,398,deals,1,cease,,,,,,,,,,,,
cedar,3,35,escar,2,cedar,,,,,,,,,,,,
cello,4,317,enols,3,boule,2,cello,,,,,,,,,,
chafe,5,398,deals,8,image,4,knave,1,chafe,,,,,,,,
chaff,5,748,anils,5,whack,2,champ,1,chaff,,,,,,,,
chain,3,748,anils,2,chain,,,,,,,,,,,,
chair,3,41,cigar,1,chair,,,,,,,,,,,,
chalk,3,748,anils,2,chalk,,,,,,,,,,,,
champ,4,748,anils,5,whack,2,champ,,,,,,,,,,
chant,3,176,slant,2,chant,,,,,,,,,,,,
chaos,4,302,monal,3,audio,1,chaos,,,,,,,,,,
chard,3,326,crans,2,chard,,,,,,,,,,,,
charm,4,326,crans,2,chard,1,charm,,,,,,,,,,
chart,4,105,airts,10,craft,1,chart,,,,,,,,,,
chase,4,398,deals,11,phase,1,chase,,,,,,,,,,
chasm,3,748,anils,14,chasm,,,,,,,,,,,,
cheap,4,398,deals,4,anime,1,cheap,,,,,,,,,,
cheat,3,125,least,4,cheat,,,,,,,,,,,,
check,4,787,elsin,15,budge,1,check,,,,,,,,,,
cheek,4,591,lined,4,sheep,1,cheek,,,,,,,,,,
cheer,5,182,idler,21,super,9,fever,2,cheer,,,,,,,,
chess,4,787,elsin,6,guess,1,chess,,,,,,,,,,
chest,3,304,steil,4,chest,,,,,,,,,,,,
chick,4,920,sulci,6,winch,1,chick,,,,,,,,,,
chide,3,787,elsin,9,chide,,,,,,,,,,,,
chief,3,591,lined,1,chief,,,,,,,,,,,,
child,3,920,sulci,8,child,,,,,,,,,,,,
chili,3,920,sulci,1,chili,,,,,,,,,,,,
chill,4,920,sulci,8,child,1,chill,,,,,,,,,,
chime,4,787,elsin,9,chide,1,chime,,,,,,,,,,
china,3,748,anils,1,china,,,,,,,,,,,,
chirp,3,333,cursi,3,chirp,,,,,,,,,,,,
chock,4,1009,sonly,8,buxom,2,chock,,,,,,,,,,
choir,2,34,choir,,,,,,,,,,,,,,
choke,4,317,enols,4,biome,1,choke,,,,,,,,,,
chord,3,329,drony,3,chord,,,,,,,,,,,,
chore,3,139,ergos,4,chore,,,,,,,,,,,,
chose,3,317,enols,8,chose,,,,,,,,,,,,
chuck,3,920,sulci,1,chuck,,,,,,,,,,,,
chump,3,920,sulci,2,chump,,,,,,,,,,,,
chunk,4,920,sulci,2,chump,1,chunk,,,,,,,,,,
churn,4,333,cursi,3,crumb,1,churn,,,,,,,,,,
chute,4,304,steil,8,thyme,1,chute,,,,,,,,,,
cider,3,182,idler,6,cider,,,,,,,,,,,,
cigar,2,41,cigar,,,,,,,,,,,,,,
cinch,6,920,sulci,6,winch,3,finch,2,pinch,1,cinch,,,,,,
circa,3,326,crans,1,circa,,,,,,,,,,,,
civic,4,920,sulci,5,cynic,1,civic,,,,,,,,,,
civil,4,920,sulci,8,child,1,civil,,,,,,,,,,
clack,5,748,anils,9,black,2,flack,1,clack,,,,,,,,
claim,3,748,anils,5,claim,,,,,,,,,,,,
clamp,4,748,anils,9,black,1,clamp,,,,,,,,,,
clang,4,748,anils,7,blank,2,clang,,,,,,,,,,
clank,4,748,anils,7,blank,3,clank,,,,,,,,,,
clash,3,748,anils,8,clash,,,,,,,,,,,,
clasp,4,748,anils,8,clash,1,clasp,,,,,,,,,,
class,3,748,anils,2,class,,,,,,,,,,,,
clean,4,398,deals,8,glean,1,clean,,,,,,,,,,
clear,4,35,escar,2,cedar,1,clear,,,,,,,,,,
cleat,3,125,least,4,cleat,,,,,,,,,,,,
cleft,3,304,steil,4,cleft,,,,,,,,,,,,
clerk,4,391,epris,12,decry,1,clerk,,,,,,,,,,
click,4,920,sulci,2,flick,1,click,,,,,,,,,,
cliff,6,920,sulci,8,child,4,cling,2,climb,1,cliff,,,,,,
climb,5,920,sulci,8,child,4,cling,2,climb,,,,,,,,
cling,4,920,sulci,8,child,4,cling,,,,,,,,,,
clink,5,920,sulci,8,child,4,cling,1,clink,,,,,,,,
cloak,3,302,monal,1,cloak,,,,,,,,,,,,
clock,5,1009,sonly,11,block,2,flock,1,clock,,,,,,,,
clone,3,317,enols,1,clone,,,,,,,,,,,,
close,3,317,enols,3,close,,,,,,,,,,,,
cloth,3,266,houts,2,cloth,,,,,,,,,,,,
cloud,4,1009,sonly,11,block,1,cloud,,,,,,,,,,
clout,3,266,houts,2,clout,,,,,,,,,,,,
clove,4,317,enols,4,globe,1,clove,,,,,,,,,,
clown,4,1009,sonly,4,blown,2,clown,,,,,,,,,,
cluck,4,920,sulci,2,pluck,1,cluck,,,,,,,,,,
clued,3,591,lined,2,clued,,,,,,,,,,,,
clump,3,920,sulci,2,clump,,,,,,,,,,,,
clung,4,920,sulci,2,clump,1,clung,,,,,,,,,,
coach,3,302,monal,4,coach,,,,,,,,,,,,
coast,4,73,bloat,3,ascot,1,coast,,,,,,,,,,
cobra,3,110,acorn,1,cobra,,,,,,,,,,,,
cocoa,4,302,monal,4,coach,1,cocoa,,,,,,,,,,
colon,4,1009,sonly,2,login,1,colon,,,,,,,,,,
color,3,34,choir,1,color,,,,,,,,,,,,
comet,2,31,comet,,,,,,,,,,,,,,
comfy,4,1009,sonly,15,howdy,7,comfy,,,,,,,,,,
comic,4,1009,sonly,8,cough,1,comic,,,,,,,,,,
comma,4,302,monal,3,dogma,1,comma,,,,,,,,,,
conch,4,1009,sonly,5,conic,1,conch,,,,,,,,,,
condo,4,1009,sonly,5,conic,1,condo,,,,,,,,,,
conic,3,1009,sonly,5,conic,,,,,,,,,,,,
copse,3,317,enols,6,copse,,,,,,,,,,,,
coral,3,110,acorn,2,coral,,,,,,,,,,,,
corer,9,64,vower,11,poser,7,goner,5,boxer,4,foyer,3,homer,2,joker,1,corer
corny,3,329,drony,2,corny,,,,,,,,,,,,
couch,4,1009,sonly,8,cough,1,couch,,,,,,,,,,
cough,3,1009,sonly,8,cough,,,,,,,,,,,,
could,3,1009,sonly,2,could,,,,,,,,,,,,
count,4,266,houts,4,mount,1,count,,,,,,,,,,
coupe,4,317,enols,8,vogue,1,coupe,,,,,,,,,,
court,3,109,horst,2,court,,,,,,,,,,,,
coven,3,258,novel,2,coven,,,,,,,,,,,,
cover,3,64,vower,5,cover,,,,,,,,,,,,
covet,3,31,comet,1,covet,,,,,,,,,,,,
covey,3,258,novel,1,covey,,,,,,,,,,,,
cower,3,64,vower,6,cower,,,,,,,,,,,,
coyly,5,1009,sonly,9,godly,6,lowly,1,coyly,,,,,,,,
crack,6,326,crans,4,cramp,3,crawl,2,crazy,1,crack,,,,,,
craft,3,105,airts,10,craft,,,,,,,,,,,,
cramp,3,326,crans,4,cramp,,,,,,,,,,,,
crane,4,190,recal,6,brace,3,crane,,,,,,,,,,
crank,3,326,crans,1,crank,,,,,,,,,,,,
crash,3,326,crans,1,crash,,,,,,,,,,,,
crass,3,326,crans,1,crass,,,,,,,,,,,,
crate,2,41,crate,,,,,,,,,,,,,,
crave,5,190,recal,6,brace,3,crane,2,crave,,,,,,,,
crawl,4,326,crans,4,cramp,3,crawl,,,,,,,,,,
craze,6,190,recal,6,brace,3,crane,2,crave,1,craze,,,,,,
crazy,5,326,crans,4,cramp,3,crawl,2,crazy,,,,,,,,
creak,3,190,recal,2,creak,,,,,,,,,,,,
cream,4,190,recal,2,creak,1,cream,,,,,,,,,,
credo,4,139,ergos,9,drone,1,credo,,,,,,,,,,
creed,4,178,pried,4,breed,3,creed,,,,,,,,,,
creek,4,178,pried,4,cruel,1,creek,,,,,,,,,,
creep,3,178,pried,1,creep,,,,,,,,,,,,
creme,5,391,epris,12,decry,2,wreck,1,creme,,,,,,,,
crepe,4,391,epris,4,prude,1,crepe,,,,,,,,,,
crept,3,99,recit,3,crept,,,,,,,,,,,,
cress,4,391,epris,3,rebus,2,cress,,,,,,,,,,
crest,4,99,recit,3,crept,1,crest,,,,,,,,,,
crick,4,333,cursi,3,chirp,1,crick,,,,,,,,,,
cried,3,178,pried,3,cried,,,,,,,,,,,,
crier,5,182,idler,15,finer,2,skier,1,crier,,,,,,,,
crime,4,391,epris,13,bride,3,crime,,,,,,,,,,
crimp,4,333,cursi,3,chirp,1,crimp,,,,,,,,,,
crisp,3,333,cursi,1,crisp,,,,,,,,,,,,
croak,3,110,acorn,1,croak,,,,,,,,,,,,
crock,4,329,drony,14,croup,3,crock,,,,,,,,,,
crone,4,139,ergos,9,drone,2,crone,,,,,,,,,,
crony,3,329,drony,2,crony,,,,,,,,,,,,
crook,5,329,drony,14,croup,3,crock,1,crook,,,,,,,,
cross,5,329,drony,14,croup,3,crock,1,cross,,,,,,,,
croup,3,329,drony,14,croup,,,,,,,,,,,,
crowd,3,329,drony,3,crowd,,,,,,,,,,,,
crown,5,329,drony,5,grown,3,brown,2,crown,,,,,,,,
crude,4,391,epris,12,decry,1,crude,,,,,,,,,,
cruel,3,178,pried,4,cruel,,,,,,,,,,,,
crumb,3,333,cursi,3,crumb,,,,,,,,,,,,
crump,4,333,cursi,3,crumb,1,crump,,,,,,,,,,
crush,3,333,cursi,1,crush,,,,,,,,,,,,
crust,3,121,bruit,3,crust,,,,,,,,,,,,
crypt,3,121,bruit,2,crypt,,,,,,,,,,,,
cubic,4,920,sulci,3,pubic,1,cubic,,,,,,,,,,
cumin,4,920,sulci,3,pubic,1,cumin,,,,,,,,,,
curio,3,329,drony,7,curio,,,,,,,,,,,,
curly,3,333,cursi,3,curly,,,,,,,,,,,,
curry,5,333,cursi,3,curly,2,curvy,1,curry,,,,,,,,
curse,3,391,epris,6,curse,,,,,,,,,,,,
curve,4,391,epris,13,mercy,1,curve,,,,,,,,,,
curvy,4,333,cursi,3,curly,2,curvy,,,,,,,,,,
cutie,2,56,cutie,,,,,,,,,,,,,,
cyber,5,182,idler,21,super,9,fever,1,cyber,,,,,,,,
cycle,4,787,elsin,15,belch,1,cycle,,,,,,,,,,
cynic,3,920,sulci,5,cynic,,,,,,,,,,,,
daddy,7,743,layin,17,bawdy,4,gaudy,3,caddy,2,paddy,1,daddy,,,,
daily,3,743,layin,2,daily,,,,,,,,,,,,
dairy,3,266,hairy,2,dairy,,,,,,,,,,,,
daisy,3,743,layin,1,daisy,,,,,,,,,,,,
dally,4,743,layin,7,sadly,1,dally,,,,,,,,,,
dance,4,112,value,8,mange,1,dance,,,,,,,,,,
dandy,6,743,layin,10,candy,3,handy,2,sandy,1,dandy,,,,,,
datum,4,61,latch,7,patsy,1,datum,,,,,,,,,,
daunt,3,199,nasty,9,daunt,,,,,,,,,,,,
dealt,3,125,least,1,dealt,,,,,,,,,,,,
death,3,125,least,4,death,,,,,,,,,,,,
debar,3,35,escar,2,debar,,,,,,,,,,,,
debit,3,304,steil,3,debit,,,,,,,,,,,,
debug,4,787,elsin,15,budge,1,debug,,,,,,,,,,
debut,4,304,steil,8,thyme,1,debut,,,,,,,,,,
decal,3,398,deals,2,decal,,,,,,,,,,,,
decay,3,398,deals,1,decay,,,,,,,,,,,,
decor,2,5,decor,,,,,,,,,,,,,,
decoy,4,317,enols,8,vogue,1,decoy,,,,,,,,,,
decry,3,391,epris,12,decry,,,,,,,,,,,,
defer,4,182,idler,4,under,2,defer,,,,,,,,,,
deign,3,787,elsin,2,deign,,,,,,,,,,,,
deity,4,304,steil,9,twice,1,deity,,,,,,,,,,
delay,4,398,deals,2,decal,1,delay,,,,,,,,,,
delta,3,125,least,1,delta,,,,,,,,,,,,
delve,4,787,elsin,15,belch,2,delve,,,,,,,,,,
demon,3,317,enols,2,demon,,,,,,,,,,,,
demur,2,14,demur,,,,,,,,,,,,,,
denim,3,787,elsin,2,denim,,,,,,,,,,,,
dense,4,787,elsin,4,spend,1,dense,,,,,,,,,,
depot,3,68,pesto,1,depot,,,,,,,,,,,,
depth,4,304,steil,8,thyme,1,depth,,,,,,,,,,
derby,4,391,epris,13,mercy,5,derby,,,,,,,,,,
deter,3,18,inter,4,deter,,,,,,,,,,,,
detox,2,15,detox,,,,,,,,,,,,,,
deuce,4,787,elsin,15,budge,1,deuce,,,,,,,,,,
devil,3,787,elsin,3,devil,,,,,,,,,,,,
diary,4,326,crans,7,dwarf,1,diary,,,,,,,,,,
dicey,3,591,lined,1,dicey,,,,,,,,,,,,
digit,4,311,inust,8,light,1,digit,,,,,,,,,,
dilly,5,920,sulci,7,filmy,4,billy,3,dilly,,,,,,,,
dimly,4,920,sulci,12,blind,2,dimly,,,,,,,,,,
diner,4,182,idler,6,cider,2,diner,,,,,,,,,,
dingo,4,1009,sonly,2,bingo,1,dingo,,,,,,,,,,
dingy,3,920,sulci,19,dingy,,,,,,,,,,,,
diode,4,317,enols,4,biome,1,diode,,,,,,,,,,
dirge,3,391,epris,1,dirge,,,,,,,,,,,,
dirty,4,121,bruit,5,third,1,dirty,,,,,,,,,,
disco,3,1009,sonly,2,disco,,,,,,,,,,,,
ditch,2,82,ditch,,,,,,,,,,,,,,
ditto,3,57,botch,1,ditto,,,,,,,,,,,,
ditty,3,82,ditch,1,ditty,,,,,,,,,,,,
diver,5,182,idler,6,cider,2,diner,1,diver,,,,,,,,
dizzy,4,920,sulci,19,dingy,1,dizzy,,,,,,,,,,
dodge,4,317,enols,8,vogue,1,dodge,,,,,,,,,,
dodgy,4,1009,sonly,15,howdy,1,dodgy,,,,,,,,,,
dogma,3,302,monal,3,dogma,,,,,,,,,,,,
doing,4,1009,sonly,8,bound,1,doing,,,,,,,,,,
dolly,4,1009,sonly,9,godly,1,dolly,,,,,,,,,,
donor,4,34,choir,4,furor,1,donor,,,,,,,,,,
donut,3,266,houts,1,donut,,,,,,,,,,,,
dopey,3,258,novel,3,dopey,,,,,,,,,,,,
doubt,4,266,houts,4,mount,1,doubt,,,,,,,,,,
dough,5,1009,sonly,8,cough,2,bough,1,dough,,,,,,,,
dowdy,4,1009,sonly,15,howdy,1,dowdy,,,,,,,,,,
dowel,3,258,novel,3,dowel,,,,,,,,,,,,
downy,3,1009,sonly,1,downy,,,,,,,,,,,,
dowry,3,329,drony,1,dowry,,,,,,,,,,,,
dozen,4,258,novel,6,money,2,dozen,,,,,,,,,,
draft,4,105,airts,10,craft,2,draft,,,,,,,,,,
drain,4,326,crans,6,brain,2,drain,,,,,,,,,,
drake,4,190,recal,19,grade,2,drake,,,,,,,,,,
drama,4,326,crans,9,drawl,1,drama,,,,,,,,,,
drank,3,326,crans,5,drank,,,,,,,,,,,,
drape,5,190,recal,19,grade,2,drake,1,drape,,,,,,,,
drawl,3,326,crans,9,drawl,,,,,,,,,,,,
drawn,4,326,crans,6,brain,2,drawn,,,,,,,,,,
dread,4,190,recal,6,bread,1,dread,,,,,,,,,,
dream,4,190,recal,6,bread,1,dream,,,,,,,,,,
dress,5,391,epris,3,rebus,2,cress,1,dress,,,,,,,,
dried,5,178,pried,3,cried,2,fried,1,dried,,,,,,,,
drier,4,182,idler,6,cider,1,drier,,,,,,,,,,
drift,3,121,bruit,3,drift,,,,,,,,,,,,
drill,4,333,cursi,14,grind,1,drill,,,,,,,,,,
drink,4,333,cursi,14,grind,1,drink,,,,,,,,,,
drive,4,391,epris,13,bride,1,drive,,,,,,,,,,
droit,4,109,horst,4,grout,2,droit,,,,,,,,,,
droll,3,329,drony,4,droll,,,,,,,,,,,,
drone,3,139,ergos,9,drone,,,,,,,,,,,,
drool,4,329,drony,4,droll,1,drool,,,,,,,,,,
droop,4,329,drony,4,droll,2,droop,,,,,,,,,,
dross,5,329,drony,4,droll,2,droop,1,dross,,,,,,,,
drove,4,139,ergos,9,drone,1,drove,,,,,,,,,,
drown,3,329,drony,1,drown,,,,,,,,,,,,
druid,3,333,cursi,1,druid,,,,,,,,,,,,
drunk,4,333,cursi,4,wrung,1,drunk,,,,,,,,,,
dryer,5,182,idler,4,under,2,defer,1,dryer,,,,,,,,
dryly,3,333,cursi,2,dryly,,,,,,,,,,,,
duchy,3,920,sulci,2,duchy,,,,,,,,,,,,
dully,4,920,sulci,6,bulky,4,dully,,,,,,,,,,
dummy,4,920,sulci,18,dumpy,1,dummy,,,,,,,,,,
dumpy,3,920,sulci,18,dumpy,,,,,,,,,,,,
dunce,3,787,elsin,12,dunce,,,,,,,,,,,,
dusky,4,920,sulci,9,husky,2,dusky,,,,,,,,,,
dusty,3,311,inust,4,dusty,,,,,,,,,,,,
dutch,3,82,ditch,1,dutch,,,,,,,,,,,,
duvet,4,97,islet,5,unmet,1,duvet,,,,,,,,,,
dwarf,3,326,crans,7,dwarf,,,,,,,,,,,,
dwell,4,787,elsin,15,belch,2,dwell,,,,,,,,,,
dwelt,4,304,steil,4,cleft,2,dwelt,,,,,,,,,,
dying,4,920,sulci,19,dingy,1,dying,,,,,,,,,,
eager,5,86,gaper,3,lager,2,wager,1,eager,,,,,,,,
eagle,5,112,value,7,cable,3,maple,2,eagle,,,,,,,,
early,3,63,large,1,early,,,,,,,,,,,,
earth,2,6,earth,,,,,,,,,,,,,,
easel,6,268,navel,6,bagel,4,camel,3,hazel,2,easel,,,,,,
eaten,3,27,matey,1,eaten,,,,,,,,,,,,
eater,6,11,cater,4,hater,3,later,2,water,1,eater,,,,,,
ebony,3,317,enols,1,ebony,,,,,,,,,,,,
eclat,4,125,least,4,cleat,1,eclat,,,,,,,,,,
edict,4,304,steil,9,twice,2,edict,,,,,,,,,,
edify,3,787,elsin,1,edify,,,,,,,,,,,,
eerie,3,391,epris,1,eerie,,,,,,,,,,,,
egret,3,31,rivet,3,egret,,,,,,,,,,,,
eight,4,304,steil,9,twice,1,eight,,,,,,,,,,
eject,4,304,steil,5,theft,2,eject,,,,,,,,,,
eking,3,787,elsin,3,eking,,,,,,,,,,,,
elate,4,125,least,2,plate,1,elate,,,,,,,,,,
elbow,3,317,enols,1,elbow,,,,,,,,,,,,
elder,3,182,idler,1,elder,,,,,,,,,,,,
elect,4,304,steil,4,cleft,1,elect,,,,,,,,,,
elegy,3,787,elsin,2,elegy,,,,,,,,,,,,
elfin,3,787,elsin,1,elfin,,,,,,,,,,,,
elide,3,787,elsin,1,elide,,,,,,,,,,,,
elite,4,304,steil,2,tilde,1,elite,,,,,,,,,,
elope,3,317,enols,1,elope,,,,,,,,,,,,
elude,4,787,elsin,2,elegy,1,elude,,,,,,,,,,
email,4,398,deals,8,blame,1,email,,,,,,,,,,
embed,4,591,lined,3,bused,1,embed,,,,,,,,,,
ember,6,182,idler,21,super,9,fever,2,cheer,1,ember,,,,,,
emcee,4,591,lined,4,sheep,1,emcee,,,,,,,,,,
empty,4,304,steil,8,thyme,1,empty,,,,,,,,,,
enact,3,125,least,2,enact,,,,,,,,,,,,
endow,4,317,enols,3,enjoy,1,endow,,,,,,,,,,
enema,4,398,deals,4,anime,1,enema,,,,,,,,,,
enemy,3,787,elsin,1,enemy,,,,,,,,,,,,
enjoy,3,317,enols,3,enjoy,,,,,,,,,,,,
ennui,4,787,elsin,3,eking,1,ennui,,,,,,,,,,
ensue,3,787,elsin,1,ensue,,,,,,,,,,,,
enter,3,18,inter,1,enter,,,,,,,,,,,,
entry,2,12,entry,,,,,,,,,,,,,,
envoy,4,317,enols,3,enjoy,1,envoy,,,,,,,,,,
epoch,3,317,enols,3,epoch,,,,,,,,,,,,
epoxy,4,317,enols,3,epoch,1,epoxy,,,,,,,,,,
equal,4,398,deals,8,glean,1,equal,,,,,,,,,,
equip,3,787,elsin,1,equip,,,,,,,,,,,,
erase,6,190,recal,19,grade,4,brake,2,frame,1,erase,,,,,,
erect,4,99,recit,3,crept,1,erect,,,,,,,,,,
erode,3,139,ergos,1,erode,,,,,,,,,,,,
error,3,5,decor,1,error,,,,,,,,,,,,
erupt,3,99,recit,3,erupt,,,,,,,,,,,,
essay,5,398,deals,5,abuse,3,sneak,1,essay,,,,,,,,
ester,4,18,inter,4,deter,1,ester,,,,,,,,,,
ether,3,16,ither,1,ether,,,,,,,,,,,,
ethic,3,304,steil,1,ethic,,,,,,,,,,,,
ethos,3,68,pesto,6,ethos,,,,,,,,,,,,
etude,3,304,steil,1,etude,,,,,,,,,,,,
evade,4,398,deals,2,adage,1,evade,,,,,,,,,,
event,5,304,steil,5,theft,2,eject,1,event,,,,,,,,
every,3,391,epris,1,every,,,,,,,,,,,,
evict,5,304,steil,9,twice,2,edict,1,evict,,,,,,,,
evoke,4,317,enols,3,epoch,1,evoke,,,,,,,,,,
exact,4,125,least,2,enact,1,exact,,,,,,,,,,
exalt,3,125,least,1,exalt,,,,,,,,,,,,
excel,4,591,lined,10,bleep,3,excel,,,,,,,,,,
exert,4,99,recit,3,erupt,1,exert,,,,,,,,,,
exile,3,787,elsin,1,exile,,,,,,,,,,,,
exist,3,304,steil,2,exist,,,,,,,,,,,,
expel,4,591,lined,10,bleep,1,expel,,,,,,,,,,
extol,3,15,detox,1,extol,,,,,,,,,,,,
extra,2,6,extra,,,,,,,,,,,,,,
exult,4,304,steil,4,flute,1,exult,,,,,,,,,,
eying,4,787,elsin,3,eking,1,eying,,,,,,,,,,
fable,4,112,value,7,cable,1,fable,,,,,,,,,,
facet,3,26,cadet,1,facet,,,,,,,,,,,,
faint,4,199,nasty,9,daunt,3,faint,,,,,,,,,,
fairy,4,266,hairy,2,dairy,1,fairy,,,,,,,,,,
faith,3,199,nasty,3,faith,,,,,,,,,,,,
false,3,112,value,1,false,,,,,,,,,,,,
fancy,4,743,layin,10,candy,1,fancy,,,,,,,,,,
fanny,6,743,layin,10,candy,4,mangy,3,pansy,2,fanny,,,,,,
farce,4,63,large,3,carve,1,farce,,,,,,,,,,
fatal,3,61,latch,2,fatal,,,,,,,,,,,,
fatty,5,61,latch,7,patsy,3,batty,2,fatty,,,,,,,,
fault,4,199,nasty,6,caput,2,fault,,,,,,,,,,
fauna,3,743,layin,3,fauna,,,,,,,,,,,,
favor,3,13,valor,2,favor,,,,,,,,,,,,
feast,4,125,least,3,beast,2,feast,,,,,,,,,,
fecal,3,398,deals,3,fecal,,,,,,,,,,,,
feign,4,787,elsin,2,deign,1,feign,,,,,,,,,,
fella,3,398,deals,1,fella,,,,,,,,,,,,
felon,4,317,enols,3,lemon,1,felon,,,,,,,,,,
femme,4,787,elsin,15,budge,1,femme,,,,,,,,,,
femur,3,14,demur,2,femur,,,,,,,,,,,,
fence,4,787,elsin,12,dunce,3,fence,,,,,,,,,,
feral,3,190,recal,1,feral,,,,,,,,,,,,
ferry,6,391,epris,13,mercy,5,derby,2,jerky,1,ferry,,,,,,
fetal,2,17,fetal,,,,,,,,,,,,,,
fetch,3,56,cutie,1,fetch,,,,,,,,,,,,
fetid,3,56,cutie,1,fetid,,,,,,,,,,,,
fetus,3,56,cutie,2,fetus,,,,,,,,,,,,
fever,4,182,idler,21,super,9,fever,,,,,,,,,,
fewer,5,182,idler,21,super,9,fever,1,fewer,,,,,,,,
fiber,4,182,idler,15,finer,2,fiber,,,,,,,,,,
fibre,4,391,epris,13,bride,1,fibre,,,,,,,,,,
ficus,3,920,sulci,1,ficus,,,,,,,,,,,,
field,4,787,elsin,8,bilge,3,field,,,,,,,,,,
fiend,4,787,elsin,11,hinge,1,fiend,,,,,,,,,,
fiery,4,391,epris,13,bride,1,fiery,,,,,,,,,,
fifth,4,311,inust,8,filth,1,fifth,,,,,,,,,,
fifty,4,311,inust,8,filth,1,fifty,,,,,,,,,,
fight,4,311,inust,8,light,4,fight,,,,,,,,,,
filer,3,182,idler,1,filer,,,,,,,,,,,,
filet,3,97,islet,1,filet,,,,,,,,,,,,
filly,4,920,sulci,7,filmy,1,filly,,,,,,,,,,
filmy,3,920,sulci,7,filmy,,,,,,,,,,,,
filth,3,311,inust,8,filth,,,,,,,,,,,,
final,3,748,anils,2,final,,,,,,,,,,,,
finch,4,920,sulci,6,winch,3,finch,,,,,,,,,,
finer,3,182,idler,15,finer,,,,,,,,,,,,
first,3,121,bruit,5,first,,,,,,,,,,,,
fishy,4,920,sulci,5,wispy,2,fishy,,,,,,,,,,
fixer,5,182,idler,15,finer,2,fiber,1,fixer,,,,,,,,
fizzy,5,920,sulci,19,dingy,4,wimpy,2,fizzy,,,,,,,,
fjord,4,329,drony,3,chord,2,fjord,,,,,,,,,,
flack,4,748,anils,9,black,2,flack,,,,,,,,,,
flail,5,748,anils,5,claim,2,plaid,1,flail,,,,,,,,
flair,3,41,cigar,1,flair,,,,,,,,,,,,
flake,5,398,deals,8,blame,4,place,2,flake,,,,,,,,
flaky,4,748,anils,9,black,1,flaky,,,,,,,,,,
flame,4,398,deals,8,blame,1,flame,,,,,,,,,,
flank,5,748,anils,7,blank,3,clank,2,flank,,,,,,,,
flare,4,190,recal,3,blare,2,flare,,,,,,,,,,
flash,4,748,anils,8,clash,2,flash,,,,,,,,,,
flask,4,748,anils,8,clash,1,flask,,,,,,,,,,
fleck,4,787,elsin,4,fluke,1,fleck,,,,,,,,,,
fleet,3,97,islet,1,fleet,,,,,,,,,,,,
flesh,3,787,elsin,2,flesh,,,,,,,,,,,,
flick,3,920,sulci,2,flick,,,,,,,,,,,,
flier,3,182,idler,4,flier,,,,,,,,,,,,
fling,4,920,sulci,12,blind,1,fling,,,,,,,,,,
flint,4,311,inust,3,glint,1,flint,,,,,,,,,,
flirt,4,121,bruit,5,first,1,flirt,,,,,,,,,,
float,3,73,bloat,2,float,,,,,,,,,,,,
flock,4,1009,sonly,11,block,2,flock,,,,,,,,,,
flood,4,1009,sonly,11,block,2,flood,,,,,,,,,,
floor,4,34,choir,2,flour,1,floor,,,,,,,,,,
flora,3,110,acorn,1,flora,,,,,,,,,,,,
floss,3,1009,sonly,2,floss,,,,,,,,,,,,
flour,3,34,choir,2,flour,,,,,,,,,,,,
flout,4,266,houts,2,clout,1,flout,,,,,,,,,,
flown,5,1009,sonly,4,blown,2,clown,1,flown,,,,,,,,
fluff,4,920,sulci,7,flunk,1,fluff,,,,,,,,,,
fluid,3,920,sulci,1,fluid,,,,,,,,,,,,
fluke,3,787,elsin,4,fluke,,,,,,,,,,,,
flume,4,787,elsin,4,fluke,1,flume,,,,,,,,,,
flung,4,920,sulci,7,flunk,1,flung,,,,,,,,,,
flunk,3,920,sulci,7,flunk,,,,,,,,,,,,
flush,4,920,sulci,3,blush,2,flush,,,,,,,,,,
flute,3,304,steil,4,flute,,,,,,,,,,,,
flyer,4,182,idler,5,bluer,1,flyer,,,,,,,,,,
foamy,4,302,monal,3,dogma,1,foamy,,,,,,,,,,
focal,3,302,monal,4,focal,,,,,,,,,,,,
focus,3,1009,sonly,2,focus,,,,,,,,,,,,
foggy,5,1009,sonly,15,howdy,7,comfy,1,foggy,,,,,,,,
foist,3,266,houts,5,foist,,,,,,,,,,,,
folio,4,1009,sonly,3,logic,1,folio,,,,,,,,,,
folly,5,1009,sonly,9,godly,6,lowly,3,folly,,,,,,,,
foray,4,110,acorn,5,royal,1,foray,,,,,,,,,,
force,4,139,ergos,4,chore,1,force,,,,,,,,,,
forge,3,139,ergos,3,forge,,,,,,,,,,,,
forgo,4,329,drony,7,curio,1,forgo,,,,,,,,,,
forte,2,17,forte,,,,,,,,,,,,,,
forth,3,109,horst,4,forth,,,,,,,,,,,,
forty,3,109,horst,1,forty,,,,,,,,,,,,
forum,4,329,drony,7,curio,1,forum,,,,,,,,,,
found,4,1009,sonly,8,bound,5,found,,,,,,,,,,
foyer,6,64,vower,11,poser,7,goner,5,boxer,4,foyer,,,,,,
frail,4,326,crans,9,drawl,2,frail,,,,,,,,,,
frame,5,190,recal,19,grade,4,brake,2,frame,,,,,,,,
frank,4,326,crans,5,drank,2,frank,,,,,,,,,,
fraud,5,326,crans,9,drawl,2,braid,1,fraud,,,,,,,,
freak,4,190,recal,6,bread,2,freak,,,,,,,,,,
freed,5,178,pried,4,breed,3,creed,2,freed,,,,,,,,
freer,5,182,idler,21,super,9,fever,1,freer,,,,,,,,
fresh,3,391,epris,2,fresh,,,,,,,,,,,,
friar,4,41,cigar,2,briar,1,friar,,,,,,,,,,
fried,4,178,pried,3,cried,2,fried,,,,,,,,,,
frill,4,333,cursi,14,grind,3,frill,,,,,,,,,,
frisk,4,333,cursi,3,brisk,1,frisk,,,,,,,,,,
fritz,3,121,bruit,2,fritz,,,,,,,,,,,,
frock,4,329,drony,14,croup,1,frock,,,,,,,,,,
frond,3,329,drony,1,frond,,,,,,,,,,,,
front,5,109,horst,4,grout,2,droit,1,front,,,,,,,,
frost,3,109,horst,1,frost,,,,,,,,,,,,
froth,4,109,horst,3,broth,1,froth,,,,,,,,,,
frown,6,329,drony,5,grown,3,brown,2,crown,1,frown,,,,,,
froze,5,139,ergos,9,drone,4,probe,1,froze,,,,,,,,
fruit,3,121,bruit,1,fruit,,,,,,,,,,,,
fudge,4,787,elsin,15,budge,2,fudge,,,,,,,,,,
fugue,4,787,elsin,15,budge,1,fugue,,,,,,,,,,
fully,5,920,sulci,6,bulky,4,dully,2,fully,,,,,,,,
fungi,3,920,sulci,1,fungi,,,,,,,,,,,,
funky,4,920,sulci,18,dumpy,6,funky,,,,,,,,,,
funny,5,920,sulci,18,dumpy,6,funky,1,funny,,,,,,,,
furor,3,34,choir,4,furor,,,,,,,,,,,,
furry,5,333,cursi,4,burly,3,murky,2,furry,,,,,,,,
fussy,4,920,sulci,9,husky,1,fussy,,,,,,,,,,
fuzzy,5,920,sulci,18,dumpy,6,funky,1,fuzzy,,,,,,,,
gaffe,4,112,value,8,mange,1,gaffe,,,,,,,,,,
gaily,4,743,layin,2,daily,1,gaily,,,,,,,,,,
gamer,3,86,gaper,3,gamer,,,,,,,,,,,,
gamma,3,743,layin,6,gamma,,,,,,,,,,,,
gamut,4,199,nasty,6,caput,1,gamut,,,,,,,,,,
gassy,5,743,layin,17,bawdy,8,sappy,1,gassy,,,,,,,,
gaudy,4,743,layin,17,bawdy,4,gaudy,,,,,,,,,,
gauge,5,112,value,5,cause,2,gauze,1,gauge,,,,,,,,
gaunt,4,199,nasty,9,daunt,5,gaunt,,,,,,,,,,
gauze,4,112,value,5,cause,2,gauze,,,,,,,,,,
gavel,3,268,navel,1,gavel,,,,,,,,,,,,
gawky,4,743,layin,17,bawdy,1,gawky,,,,,,,,,,
gayer,4,86,gaper,3,gamer,2,gayer,,,,,,,,,,
gayly,3,743,layin,1,gayly,,,,,,,,,,,,
gazer,5,86,gaper,3,gamer,2,gayer,1,gazer,,,,,,,,
gecko,4,317,enols,8,vogue,1,gecko,,,,,,,,,,
geeky,4,787,elsin,15,budge,1,geeky,,,,,,,,,,
geese,4,787,elsin,6,guess,1,geese,,,,,,,,,,
genie,4,787,elsin,2,denim,1,genie,,,,,,,,,,
genre,4,391,epris,12,decry,1,genre,,,,,,,,,,
ghost,3,266,houts,2,ghost,,,,,,,,,,,,
ghoul,4,1009,sonly,11,block,1,ghoul,,,,,,,,,,
giant,4,176,slant,2,chant,1,giant,,,,,,,,,,
giddy,4,920,sulci,19,dingy,1,giddy,,,,,,,,,,
gipsy,4,920,sulci,5,wispy,1,gipsy,,,,,,,,,,
girly,3,333,cursi,1,girly,,,,,,,,,,,,
girth,4,121,bruit,5,third,2,girth,,,,,,,,,,
given,3,591,lined,2,given,,,,,,,,,,,,
giver,5,182,idler,15,finer,8,viper,2,giver,,,,,,,,
glade,4,398,deals,2,blade,1,glade,,,,,,,,,,
gland,5,748,anils,7,blank,2,clang,1,gland,,,,,,,,
glare,5,190,recal,3,blare,2,flare,1,glare,,,,,,,,
glass,4,748,anils,2,class,1,glass,,,,,,,,,,
glaze,6,398,deals,8,blame,4,place,2,flake,1,glaze,,,,,,
gleam,4,398,deals,8,glean,1,gleam,,,,,,,,,,
glean,3,398,deals,8,glean,,,,,,,,,,,,
glide,3,787,elsin,1,glide,,,,,,,,,,,,
glint,3,311,inust,3,glint,,,,,,,,,,,,
gloat,4,73,bloat,2,float,1,gloat,,,,,,,,,,
globe,3,317,enols,4,globe,,,,,,,,,,,,
gloom,5,1009,sonly,11,block,2,flood,1,gloom,,,,,,,,
glory,3,329,drony,3,glory,,,,,,,,,,,,
gloss,4,1009,sonly,2,floss,1,gloss,,,,,,,,,,
glove,4,317,enols,4,globe,1,glove,,,,,,,,,,
glyph,3,920,sulci,2,glyph,,,,,,,,,,,,
gnash,4,748,anils,3,snack,1,gnash,,,,,,,,,,
gnome,3,317,enols,1,gnome,,,,,,,,,,,,
godly,3,1009,sonly,9,godly,,,,,,,,,,,,
going,4,1009,sonly,8,bound,1,going,,,,,,,,,,
golem,3,258,novel,1,golem,,,,,,,,,,,,
golly,4,1009,sonly,9,godly,1,golly,,,,,,,,,,
gonad,3,302,monal,1,gonad,,,,,,,,,,,,
goner,4,64,vower,11,poser,7,goner,,,,,,,,,,
goody,4,1009,sonly,15,howdy,2,goody,,,,,,,,,,
gooey,4,258,novel,3,dopey,1,gooey,,,,,,,,,,
goofy,5,1009,sonly,15,howdy,7,comfy,1,goofy,,,,,,,,
goose,4,317,enols,8,chose,2,goose,,,,,,,,,,
gorge,4,139,ergos,3,forge,1,gorge,,,,,,,,,,
gouge,4,317,enols,8,vogue,1,gouge,,,,,,,,,,
gourd,3,329,drony,2,gourd,,,,,,,,,,,,
grace,4,190,recal,6,brace,1,grace,,,,,,,,,,
grade,3,190,recal,19,grade,,,,,,,,,,,,
graft,5,105,airts,10,craft,2,draft,1,graft,,,,,,,,
grail,5,326,crans,9,drawl,2,frail,1,grail,,,,,,,,
grain,5,326,crans,6,brain,2,drain,1,grain,,,,,,,,
grand,5,326,crans,5,drank,2,brand,1,grand,,,,,,,,
grant,4,105,airts,10,craft,1,grant,,,,,,,,,,
grape,4,190,recal,19,grade,3,grape,,,,,,,,,,
graph,4,326,crans,9,drawl,2,graph,,,,,,,,,,
grasp,4,326,crans,2,brash,1,grasp,,,,,,,,,,
grass,4,326,crans,2,brass,1,grass,,,,,,,,,,
grate,3,41,crate,2,grate,,,,,,,,,,,,
grave,5,190,recal,19,grade,3,grape,2,grave,,,,,,,,
gravy,5,326,crans,9,drawl,2,graph,1,gravy,,,,,,,,
graze,6,190,recal,19,grade,3,grape,2,grave,1,graze,,,,,,
great,3,41,crate,3,great,,,,,,,,,,,,
greed,6,178,pried,4,breed,3,creed,2,freed,1,greed,,,,,,
green,4,178,pried,4,cruel,1,green,,,,,,,,,,
greet,4,31,rivet,3,egret,1,greet,,,,,,,,,,
grief,4,178,pried,2,brief,1,grief,,,,,,,,,,
grill,5,333,cursi,14,grind,2,grimy,1,grill,,,,,,,,
grime,5,391,epris,13,bride,3,crime,1,grime,,,,,,,,
grimy,4,333,cursi,14,grind,2,grimy,,,,,,,,,,
grind,3,333,cursi,14,grind,,,,,,,,,,,,
gripe,3,391,epris,5,gripe,,,,,,,,,,,,
groan,3,110,acorn,1,groan,,,,,,,,,,,,
groin,4,329,drony,5,grown,1,groin,,,,,,,,,,
groom,5,329,drony,14,croup,6,broil,2,groom,,,,,,,,
grope,3,139,ergos,2,grope,,,,,,,,,,,,
gross,6,329,drony,14,croup,6,broil,2,groom,1,gross,,,,,,
group,4,329,drony,14,croup,1,group,,,,,,,,,,
grout,3,109,horst,4,grout,,,,,,,,,,,,
grove,4,139,ergos,2,grope,1,grove,,,,,,,,,,
growl,5,329,drony,14,croup,6,broil,1,growl,,,,,,,,
grown,3,329,drony,5,grown,,,,,,,,,,,,
gruel,4,178,pried,4,cruel,1,gruel,,,,,,,,,,
gruff,4,333,cursi,4,wrung,1,gruff,,,,,,,,,,
grunt,4,121,bruit,3,crust,1,grunt,,,,,,,,,,
guard,4,326,crans,7,dwarf,1,guard,,,,,,,,,,
guava,4,748,anils,5,whack,1,guava,,,,,,,,,,
guess,3,787,elsin,6,guess,,,,,,,,,,,,
guest,4,304,steil,4,chest,2,guest,,,,,,,,,,
guide,4,787,elsin,9,chide,1,guide,,,,,,,,,,
guild,4,920,sulci,4,build,1,guild,,,,,,,,,,
guile,4,787,elsin,8,bilge,1,guile,,,,,,,,,,
guilt,4,311,inust,3,built,2,guilt,,,,,,,,,,
guise,3,787,elsin,6,guise,,,,,,,,,,,,
gulch,3,920,sulci,2,gulch,,,,,,,,,,,,
gully,6,920,sulci,6,bulky,4,dully,2,fully,1,gully,,,,,,
gumbo,4,1009,sonly,8,buxom,2,gumbo,,,,,,,,,,
gummy,4,920,sulci,18,dumpy,2,gummy,,,,,,,,,,
guppy,4,920,sulci,18,dumpy,2,guppy,,,,,,,,,,
gusto,3,266,houts,1,gusto,,,,,,,,,,,,
gusty,4,311,inust,4,dusty,3,gusty,,,,,,,,,,
gypsy,3,920,sulci,1,gypsy,,,,,,,,,,,,
habit,4,199,nasty,6,caput,1,habit,,,,,,,,,,
hairy,2,266,hairy,,,,,,,,,,,,,,
halve,3,112,value,2,halve,,,,,,,,,,,,
handy,4,743,layin,10,candy,3,handy,,,,,,,,,,
happy,5,743,layin,17,bawdy,8,sappy,1,happy,,,,,,,,
hardy,3,266,hairy,2,hardy,,,,,,,,,,,,
harem,3,62,ramen,1,harem,,,,,,,,,,,,
harpy,4,266,hairy,2,hardy,1,harpy,,,,,,,,,,
harry,3,266,hairy,1,harry,,,,,,,,,,,,
harsh,3,266,hairy,1,harsh,,,,,,,,,,,,
haste,4,23,baste,5,caste,4,haste,,,,,,,,,,
hasty,3,199,nasty,3,hasty,,,,,,,,,,,,
hatch,8,61,latch,6,batch,5,match,4,patch,3,watch,2,catch,1,hatch,,
hater,3,11,cater,4,hater,,,,,,,,,,,,
haunt,5,199,nasty,9,daunt,5,gaunt,4,haunt,,,,,,,,
haute,3,23,baste,1,haute,,,,,,,,,,,,
haven,3,268,navel,1,haven,,,,,,,,,,,,
havoc,3,104,canso,1,havoc,,,,,,,,,,,,
hazel,5,268,navel,6,bagel,4,camel,3,hazel,,,,,,,,
heady,4,398,deals,2,beady,1,heady,,,,,,,,,,
heard,4,190,recal,5,beard,1,heard,,,,,,,,,,
heart,3,41,crate,2,heart,,,,,,,,,,,,
heath,4,125,least,4,death,1,heath,,,,,,,,,,
heave,5,398,deals,6,peach,2,heavy,1,heave,,,,,,,,
heavy,4,398,deals,6,peach,2,heavy,,,,,,,,,,
hedge,4,787,elsin,15,budge,2,hedge,,,,,,,,,,
hefty,4,304,steil,8,thyme,1,hefty,,,,,,,,,,
heist,4,304,steil,2,exist,1,heist,,,,,,,,,,
helix,4,787,elsin,3,devil,2,helix,,,,,,,,,,
hello,5,317,enols,3,boule,2,cello,1,hello,,,,,,,,
hence,5,787,elsin,12,dunce,3,fence,2,hence,,,,,,,,
heron,3,139,ergos,1,heron,,,,,,,,,,,,
hilly,6,920,sulci,7,filmy,4,billy,3,dilly,2,hilly,,,,,,
hinge,3,787,elsin,11,hinge,,,,,,,,,,,,
hippo,5,1009,sonly,8,buxom,2,chock,1,hippo,,,,,,,,
hippy,5,920,sulci,19,dingy,4,wimpy,1,hippy,,,,,,,,
hitch,5,82,ditch,3,pitch,2,witch,1,hitch,,,,,,,,
hoard,4,110,acorn,2,board,1,hoard,,,,,,,,,,
hobby,4,1009,sonly,15,howdy,1,hobby,,,,,,,,,,
hoist,3,266,houts,1,hoist,,,,,,,,,,,,
holly,6,1009,sonly,9,godly,6,lowly,3,folly,2,holly,,,,,,
homer,7,64,vower,11,poser,7,goner,5,boxer,4,foyer,3,homer,,,,
honey,5,258,novel,6,money,2,boney,1,honey,,,,,,,,
honor,4,34,choir,2,humor,1,honor,,,,,,,,,,
horde,4,139,ergos,4,chore,1,horde,,,,,,,,,,
horny,4,329,drony,2,corny,1,horny,,,,,,,,,,
horse,3,139,ergos,9,horse,,,,,,,,,,,,
hotel,3,25,motel,1,hotel,,,,,,,,,,,,
hotly,3,57,botch,1,hotly,,,,,,,,,,,,
hound,5,1009,sonly,8,bound,5,found,4,hound,,,,,,,,
house,4,317,enols,6,copse,2,house,,,,,,,,,,
hovel,3,258,novel,1,hovel,,,,,,,,,,,,
hover,4,64,vower,5,cover,4,hover,,,,,,,,,,
howdy,3,1009,sonly,15,howdy,,,,,,,,,,,,
human,3,748,anils,1,human,,,,,,,,,,,,
humid,3,920,sulci,1,humid,,,,,,,,,,,,
humor,3,34,choir,2,humor,,,,,,,,,,,,
humph,4,920,sulci,18,dumpy,1,humph,,,,,,,,,,
humus,4,920,sulci,9,husky,1,humus,,,,,,,,,,
hunch,6,920,sulci,4,bunch,3,munch,2,punch,1,hunch,,,,,,
hunky,5,920,sulci,18,dumpy,6,funky,1,hunky,,,,,,,,
hurry,6,333,cursi,4,burly,3,murky,2,furry,1,hurry,,,,,,
husky,3,920,sulci,9,husky,,,,,,,,,,,,
hussy,4,920,sulci,9,husky,1,hussy,,,,,,,,,,
hutch,4,82,ditch,2,butch,1,hutch,,,,,,,,,,
hydro,3,329,drony,1,hydro,,,,,,,,,,,,
hyena,4,398,deals,4,anime,1,hyena,,,,,,,,,,
hymen,3,591,lined,5,hymen,,,,,,,,,,,,
hyper,4,182,idler,21,super,1,hyper,,,,,,,,,,
icily,4,920,sulci,8,child,1,icily,,,,,,,,,,
icing,4,920,sulci,5,cynic,1,icing,,,,,,,,,,
ideal,3,398,deals,2,ideal,,,,,,,,,,,,
idiom,4,1009,sonly,8,buxom,1,idiom,,,,,,,,,,
idiot,4,266,houts,5,bigot,1,idiot,,,,,,,,,,
idler,2,182,idler,,,,,,,,,,,,,,
idyll,5,920,sulci,12,blind,2,dimly,1,idyll,,,,,,,,
igloo,4,1009,sonly,11,block,1,igloo,,,,,,,,,,
iliac,3,748,anils,1,iliac,,,,,,,,,,,,
image,3,398,deals,8,image,,,,,,,,,,,,
imbue,4,787,elsin,9,chide,2,imbue,,,,,,,,,,
impel,3,591,lined,2,impel,,,,,,,,,,,,
imply,4,920,sulci,12,blind,2,imply,,,,,,,,,,
inane,4,398,deals,8,image,1,inane,,,,,,,,,,
inbox,3,1009,sonly,4,inbox,,,,,,,,,,,,
incur,2,14,incur,,,,,,,,,,,,,,
index,3,591,lined,1,index,,,,,,,,,,,,
inept,3,304,steil,2,inept,,,,,,,,,,,,
inert,3,99,recit,1,inert,,,,,,,,,,,,
infer,3,182,idler,2,infer,,,,,,,,,,,,
ingot,4,266,houts,5,bigot,1,ingot,,,,,,,,,,
inlay,3,748,anils,1,inlay,,,,,,,,,,,,
inlet,3,97,islet,1,inlet,,,,,,,,,,,,
inner,4,182,idler,2,infer,1,inner,,,,,,,,,,
input,3,311,inust,1,input,,,,,,,,,,,,
inter,2,18,inter,,,,,,,,,,,,,,
intro,2,8,intro,,,,,,,,,,,,,,
ionic,4,1009,sonly,5,conic,1,ionic,,,,,,,,,,
irate,4,41,crate,2,grate,1,irate,,,,,,,,,,
irony,4,329,drony,2,crony,1,irony,,,,,,,,,,
islet,2,97,islet,,,,,,,,,,,,,,
issue,3,787,elsin,1,issue,,,,,,,,,,,,
itchy,3,311,inust,1,itchy,,,,,,,,,,,,
ivory,4,329,drony,3,glory,1,ivory,,,,,,,,,,
jaunt,6,199,nasty,9,daunt,5,gaunt,4,haunt,3,jaunt,,,,,,
jazzy,5,743,layin,17,bawdy,8,sappy,2,jazzy,,,,,,,,
jelly,5,787,elsin,15,belch,2,delve,1,jelly,,,,,,,,
jerky,5,391,epris,13,mercy,5,derby,2,jerky,,,,,,,,
jetty,3,56,cutie,2,jetty,,,,,,,,,,,,
jewel,5,591,lined,10,bleep,3,excel,1,jewel,,,,,,,,
jiffy,6,920,sulci,19,dingy,4,wimpy,2,fizzy,1,jiffy,,,,,,
joint,4,266,houts,8,tonic,2,joint,,,,,,,,,,
joist,4,266,houts,5,foist,2,joist,,,,,,,,,,
joker,8,64,vower,11,poser,7,goner,5,boxer,4,foyer,3,homer,2,joker,,
jolly,7,1009,sonly,9,godly,6,lowly,3,folly,2,holly,1,jolly,,,,
joust,3,266,houts,1,joust,,,,,,,,,,,,
judge,5,787,elsin,15,budge,2,fudge,1,judge,,,,,,,,
juice,4,787,elsin,9,chide,1,juice,,,,,,,,,,
juicy,3,920,sulci,2,juicy,,,,,,,,,,,,
jumbo,5,1009,sonly,8,buxom,2,gumbo,1,jumbo,,,,,,,,
jumpy,4,920,sulci,18,dumpy,1,jumpy,,,,,,,,,,
junta,4,176,slant,2,aunty,1,junta,,,,,,,,,,
junto,3,266,houts,1,junto,,,,,,,,,,,,
juror,4,34,choir,4,furor,1,juror,,,,,,,,,,
kappa,4,743,layin,6,gamma,1,kappa,,,,,,,,,,
karma,3,266,hairy,3,karma,,,,,,,,,,,,
kayak,3,743,layin,1,kayak,,,,,,,,,,,,
kebab,4,398,deals,5,began,1,kebab,,,,,,,,,,
khaki,3,748,anils,2,khaki,,,,,,,,,,,,
kinky,5,920,sulci,19,dingy,3,pinky,1,kinky,,,,,,,,
kiosk,4,1009,sonly,2,disco,1,kiosk,,,,,,,,,,
kitty,4,82,ditch,3,bitty,2,kitty,,,,,,,,,,
knack,3,748,anils,1,knack,,,,,,,,,,,,
knave,4,398,deals,8,image,4,knave,,,,,,,,,,
knead,4,398,deals,4,amend,1,knead,,,,,,,,,,
kneed,4,591,lined,3,unfed,1,kneed,,,,,,,,,,
kneel,3,591,lined,1,kneel,,,,,,,,,,,,
knelt,5,304,steil,4,cleft,2,dwelt,1,knelt,,,,,,,,
knife,4,787,elsin,11,hinge,1,knife,,,,,,,,,,
knock,4,1009,sonly,4,inbox,2,knock,,,,,,,,,,
knoll,3,1009,sonly,1,knoll,,,,,,,,,,,,
known,5,1009,sonly,4,inbox,2,knock,1,known,,,,,,,,
koala,4,302,monal,3,polka,1,koala,,,,,,,,,,
krill,5,333,cursi,14,grind,3,frill,1,krill,,,,,,,,
label,4,268,navel,6,bagel,1,label,,,,,,,,,,
labor,3,13,valor,1,labor,,,,,,,,,,,,
laden,3,268,navel,1,laden,,,,,,,,,,,,
ladle,6,112,value,7,cable,3,maple,2,eagle,1,ladle,,,,,,
lager,3,86,gaper,3,lager,,,,,,,,,,,,
lance,4,112,value,7,cable,1,lance,,,,,,,,,,
lanky,3,743,layin,1,lanky,,,,,,,,,,,,
lapel,7,268,navel,6,bagel,4,camel,3,hazel,2,easel,1,lapel,,,,
lapse,4,112,value,7,cable,1,lapse,,,,,,,,,,
large,2,63,large,,,,,,,,,,,,,,
larva,4,266,hairy,3,karma,1,larva,,,,,,,,,,
lasso,3,104,canso,1,lasso,,,,,,,,,,,,
latch,2,61,latch,,,,,,,,,,,,,,
later,4,11,cater,4,hater,3,later,,,,,,,,,,
lathe,2,8,lathe,,,,,,,,,,,,,,
latte,3,8,lathe,1,latte,,,,,,,,,,,,
laugh,3,743,layin,1,laugh,,,,,,,,,,,,
layer,5,86,gaper,10,baker,7,safer,4,layer,,,,,,,,
leach,4,398,deals,4,leafy,2,leach,,,,,,,,,,
leafy,3,398,deals,4,leafy,,,,,,,,,,,,
leaky,4,398,deals,4,leafy,1,leaky,,,,,,,,,,
leant,3,125,least,2,leant,,,,,,,,,,,,
leapt,4,125,least,2,leant,1,leapt,,,,,,,,,,
learn,3,190,recal,1,learn,,,,,,,,,,,,
lease,4,398,deals,2,leash,1,lease,,,,,,,,,,
leash,3,398,deals,2,leash,,,,,,,,,,,,
least,2,125,least,,,,,,,,,,,,,,
leave,5,398,deals,4,leafy,2,leach,1,leave,,,,,,,,
ledge,4,787,elsin,15,belch,2,ledge,,,,,,,,,,
leech,4,787,elsin,15,belch,1,leech,,,,,,,,,,
leery,4,391,epris,12,decry,1,leery,,,,,,,,,,
lefty,4,304,steil,4,flute,1,lefty,,,,,,,,,,
legal,5,398,deals,3,fecal,2,penal,1,legal,,,,,,,,
leggy,5,787,elsin,15,belch,2,ledge,1,leggy,,,,,,,,
lemon,3,317,enols,3,lemon,,,,,,,,,,,,
lemur,4,14,demur,2,femur,1,lemur,,,,,,,,,,
leper,4,182,idler,5,bluer,2,leper,,,,,,,,,,
level,3,591,lined,1,level,,,,,,,,,,,,
lever,5,182,idler,5,bluer,2,leper,1,lever,,,,,,,,
libel,3,591,lined,1,libel,,,,,,,,,,,,
liege,4,787,elsin,8,bilge,1,liege,,,,,,,,,,
light,3,311,inust,8,light,,,,,,,,,,,,
liken,3,591,lined,1,liken,,,,,,,,,,,,
lilac,4,748,anils,5,claim,1,lilac,,,,,,,,,,
limbo,4,1009,sonly,11,block,1,limbo,,,,,,,,,,
limit,4,311,inust,8,light,1,limit,,,,,,,,,,
linen,3,591,lined,1,linen,,,,,,,,,,,,
liner,4,182,idler,4,flier,2,liner,,,,,,,,,,
lingo,3,1009,sonly,1,lingo,,,,,,,,,,,,
lipid,4,920,sulci,12,blind,2,lipid,,,,,,,,,,
lithe,3,56,cutie,3,lithe,,,,,,,,,,,,
liver,5,182,idler,4,flier,2,liner,1,liver,,,,,,,,
livid,5,920,sulci,12,blind,2,lipid,1,livid,,,,,,,,
llama,5,748,anils,9,black,2,plaza,1,llama,,,,,,,,
loamy,3,302,monal,1,loamy,,,,,,,,,,,,
loath,3,73,bloat,1,loath,,,,,,,,,,,,
lobby,4,1009,sonly,3,moldy,2,lobby,,,,,,,,,,
local,5,302,monal,4,focal,2,vocal,1,local,,,,,,,,
locus,3,1009,sonly,1,locus,,,,,,,,,,,,
lodge,4,317,enols,2,below,1,lodge,,,,,,,,,,
lofty,3,266,houts,2,lofty,,,,,,,,,,,,
logic,3,1009,sonly,3,logic,,,,,,,,,,,,
login,3,1009,sonly,2,login,,,,,,,,,,,,
loopy,5,1009,sonly,3,moldy,2,lobby,1,loopy,,,,,,,,
loose,4,317,enols,3,close,1,loose,,,,,,,,,,
lorry,4,329,drony,4,rocky,3,lorry,,,,,,,,,,
loser,4,64,vower,11,poser,1,loser,,,,,,,,,,
louse,3,317,enols,2,louse,,,,,,,,,,,,
lousy,3,1009,sonly,1,lousy,,,,,,,,,,,,
lover,5,64,vower,5,cover,4,hover,3,lover,,,,,,,,
lower,4,64,vower,6,cower,5,lower,,,,,,,,,,
lowly,4,1009,sonly,9,godly,6,lowly,,,,,,,,,,
loyal,4,302,monal,4,focal,1,loyal,,,,,,,,,,
lucid,3,920,sulci,1,lucid,,,,,,,,,,,,
lucky,3,920,sulci,1,lucky,,,,,,,,,,,,
lumen,3,591,lined,1,lumen,,,,,,,,,,,,
lumpy,3,920,sulci,1,lumpy,,,,,,,,,,,,
lunar,3,41,cigar,1,lunar,,,,,,,,,,,,
lunch,3,920,sulci,1,lunch,,,,,,,,,,,,
lunge,3,787,elsin,3,lunge,,,,,,,,,,,,
lupus,3,920,sulci,1,lupus,,,,,,,,,,,,
lurch,3,333,cursi,1,lurch,,,,,,,,,,,,
lurid,3,333,cursi,1,lurid,,,,,,,,,,,,
lusty,5,311,inust,4,dusty,3,gusty,2,lusty,,,,,,,,
lying,4,920,sulci,12,blind,1,lying,,,,,,,,,,
lymph,4,920,sulci,2,glyph,1,lymph,,,,,,,,,,
lynch,3,920,sulci,1,lynch,,,,,,,,,,,,
lyric,4,333,cursi,2,birch,1,lyric,,,,,,,,,,
macaw,4,743,layin,6,gamma,1,macaw,,,,,,,,,,
macho,3,104,canso,1,macho,,,,,,,,,,,,
macro,3,32,caron,1,macro,,,,,,,,,,,,
madam,4,743,layin,6,gamma,1,madam,,,,,,,,,,
madly,5,743,layin,7,sadly,2,badly,1,madly,,,,,,,,
mafia,4,743,layin,6,basic,3,mafia,,,,,,,,,,
magic,4,743,layin,6,basic,1,magic,,,,,,,,,,
magma,4,743,layin,6,gamma,1,magma,,,,,,,,,,
maize,4,112,value,8,mange,3,maize,,,,,,,,,,
major,3,13,valor,4,major,,,,,,,,,,,,
maker,4,86,gaper,10,baker,1,maker,,,,,,,,,,
mambo,3,104,canso,1,mambo,,,,,,,,,,,,
mamma,4,743,layin,6,gamma,1,mamma,,,,,,,,,,
mammy,6,743,layin,17,bawdy,8,sappy,2,jazzy,1,mammy,,,,,,
manga,4,743,layin,3,fauna,1,manga,,,,,,,,,,
mange,3,112,value,8,mange,,,,,,,,,,,,
mango,4,104,canso,2,banjo,1,mango,,,,,,,,,,
mangy,4,743,layin,10,candy,4,mangy,,,,,,,,,,
mania,4,743,layin,3,manic,1,mania,,,,,,,,,,
manic,3,743,layin,3,manic,,,,,,,,,,,,
manly,3,743,layin,1,manly,,,,,,,,,,,,
manor,4,13,valor,4,major,2,manor,,,,,,,,,,
maple,4,112,value,7,cable,3,maple,,,,,,,,,,
march,3,266,hairy,5,march,,,,,,,,,,,,
marry,4,266,hairy,3,carry,2,marry,,,,,,,,,,
marsh,4,266,hairy,5,march,1,marsh,,,,,,,,,,
mason,3,104,canso,2,mason,,,,,,,,,,,,
masse,6,112,value,8,mange,3,maize,2,maybe,1,masse,,,,,,
match,4,61,latch,6,batch,5,match,,,,,,,,,,
matey,2,27,matey,,,,,,,,,,,,,,
mauve,3,112,value,1,mauve,,,,,,,,,,,,
maxim,5,743,layin,6,basic,3,mafia,1,maxim,,,,,,,,
maybe,5,112,value,8,mange,3,maize,2,maybe,,,,,,,,
mayor,5,13,valor,4,major,2,manor,1,mayor,,,,,,,,
mealy,3,398,deals,1,mealy,,,,,,,,,,,,
meant,3,125,least,1,meant,,,,,,,,,,,,
meaty,4,125,least,4,death,1,meaty,,,,,,,,,,
mecca,4,398,deals,5,began,1,mecca,,,,,,,,,,
medal,3,398,deals,2,medal,,,,,,,,,,,,
media,3,398,deals,1,media,,,,,,,,,,,,
medic,3,787,elsin,2,medic,,,,,,,,,,,,
melee,5,591,lined,10,bleep,3,excel,1,melee,,,,,,,,
melon,4,317,enols,3,lemon,1,melon,,,,,,,,,,
mercy,3,391,epris,13,mercy,,,,,,,,,,,,
merge,4,391,epris,13,mercy,1,merge,,,,,,,,,,
merit,3,99,recit,1,merit,,,,,,,,,,,,
merry,4,391,epris,13,mercy,1,merry,,,,,,,,,,
metal,3,17,fetal,2,metal,,,,,,,,,,,,
meter,4,18,inter,4,deter,1,meter,,,,,,,,,,
metro,2,5,metro,,,,,,,,,,,,,,
micro,4,329,drony,7,curio,1,micro,,,,,,,,,,
midge,4,787,elsin,9,chide,1,midge,,,,,,,,,,
midst,3,311,inust,2,midst,,,,,,,,,,,,
might,5,311,inust,8,light,4,fight,3,might,,,,,,,,
milky,4,920,sulci,7,filmy,1,milky,,,,,,,,,,
mimic,4,920,sulci,5,cynic,1,mimic,,,,,,,,,,
mince,4,787,elsin,11,hinge,2,mince,,,,,,,,,,
miner,4,182,idler,15,finer,1,miner,,,,,,,,,,
minim,4,920,sulci,19,dingy,1,minim,,,,,,,,,,
minor,4,34,choir,5,vigor,1,minor,,,,,,,,,,
minty,4,311,inust,5,thing,1,minty,,,,,,,,,,
minus,3,920,sulci,2,minus,,,,,,,,,,,,
mirth,5,121,bruit,5,third,2,girth,1,mirth,,,,,,,,
miser,5,182,idler,15,finer,8,viper,3,miser,,,,,,,,
missy,5,920,sulci,5,wispy,2,fishy,1,missy,,,,,,,,
mocha,3,302,monal,1,mocha,,,,,,,,,,,,
modal,3,302,monal,1,modal,,,,,,,,,,,,
model,4,258,novel,3,dowel,1,model,,,,,,,,,,
modem,4,258,novel,3,dopey,1,modem,,,,,,,,,,
mogul,4,1009,sonly,3,logic,1,mogul,,,,,,,,,,
moist,5,266,houts,5,foist,2,joist,1,moist,,,,,,,,
molar,3,20,bolar,3,molar,,,,,,,,,,,,
moldy,3,1009,sonly,3,moldy,,,,,,,,,,,,
money,3,258,novel,6,money,,,,,,,,,,,,
month,3,266,houts,3,month,,,,,,,,,,,,
moody,5,1009,sonly,15,howdy,2,goody,1,moody,,,,,,,,
moose,5,317,enols,8,chose,2,goose,1,moose,,,,,,,,
moral,4,110,acorn,5,royal,1,moral,,,,,,,,,,
moron,4,329,drony,3,mourn,1,moron,,,,,,,,,,
morph,4,329,drony,7,curio,1,morph,,,,,,,,,,
mossy,4,1009,sonly,2,bossy,1,mossy,,,,,,,,,,
motel,2,25,motel,,,,,,,,,,,,,,
motif,3,57,botch,2,motif,,,,,,,,,,,,
motor,2,4,motor,,,,,,,,,,,,,,
motto,4,57,botch,2,motif,1,motto,,,,,,,,,,
moult,4,266,houts,4,mount,1,moult,,,,,,,,,,
mound,6,1009,sonly,8,bound,5,found,4,hound,3,mound,,,,,,
mount,3,266,houts,4,mount,,,,,,,,,,,,
mourn,3,329,drony,3,mourn,,,,,,,,,,,,
mouse,5,317,enols,6,copse,2,house,1,mouse,,,,,,,,
mouth,3,266,houts,2,mouth,,,,,,,,,,,,
mover,6,64,vower,5,cover,4,hover,3,lover,2,mover,,,,,,
movie,4,317,enols,8,vogue,1,movie,,,,,,,,,,
mower,5,64,vower,6,cower,5,lower,4,mower,,,,,,,,
mucky,4,920,sulci,2,duchy,1,mucky,,,,,,,,,,
mucus,3,920,sulci,1,mucus,,,,,,,,,,,,
muddy,4,920,sulci,18,dumpy,1,muddy,,,,,,,,,,
mulch,4,920,sulci,2,gulch,1,mulch,,,,,,,,,,
mummy,5,920,sulci,18,dumpy,2,gummy,1,mummy,,,,,,,,
munch,4,920,sulci,4,bunch,3,munch,,,,,,,,,,
mural,3,326,crans,6,mural,,,,,,,,,,,,
murky,4,333,cursi,4,burly,3,murky,,,,,,,,,,
mushy,5,920,sulci,9,husky,3,bushy,2,mushy,,,,,,,,
music,3,920,sulci,1,music,,,,,,,,,,,,
musky,5,920,sulci,9,husky,2,dusky,1,musky,,,,,,,,
musty,6,311,inust,4,dusty,3,gusty,2,lusty,1,musty,,,,,,
myrrh,3,333,cursi,1,myrrh,,,,,,,,,,,,
nadir,2,18,nadir,,,,,,,,,,,,,,
naive,3,112,value,2,naive,,,,,,,,,,,,
nanny,7,743,layin,10,candy,4,mangy,3,pansy,2,fanny,1,nanny,,,,
nasal,4,743,layin,4,banal,2,nasal,,,,,,,,,,
nasty,2,199,nasty,,,,,,,,,,,,,,
natal,4,61,latch,2,fatal,1,natal,,,,,,,,,,
naval,5,743,layin,4,banal,2,nasal,1,naval,,,,,,,,
navel,2,268,navel,,,,,,,,,,,,,,
needy,4,787,elsin,12,dunce,1,needy,,,,,,,,,,
neigh,4,787,elsin,11,hinge,1,neigh,,,,,,,,,,
nerdy,5,391,epris,13,mercy,5,derby,1,nerdy,,,,,,,,
nerve,4,391,epris,13,mercy,4,nerve,,,,,,,,,,
never,5,182,idler,21,super,9,fever,1,never,,,,,,,,
newer,5,182,idler,21,super,9,fever,1,newer,,,,,,,,
newly,4,787,elsin,3,lunge,1,newly,,,,,,,,,,
nicer,4,182,idler,15,finer,1,nicer,,,,,,,,,,
niche,4,787,elsin,11,hinge,1,niche,,,,,,,,,,
niece,4,787,elsin,11,hinge,1,niece,,,,,,,,,,
night,4,311,inust,3,glint,1,night,,,,,,,,,,
ninja,4,748,anils,2,chain,1,ninja,,,,,,,,,,
ninny,5,920,sulci,19,dingy,3,pinky,1,ninny,,,,,,,,
ninth,4,311,inust,5,thing,1,ninth,,,,,,,,,,
noble,3,317,enols,1,noble,,,,,,,,,,,,
nobly,3,1009,sonly,1,nobly,,,,,,,,,,,,
noise,3,317,enols,1,noise,,,,,,,,,,,,
noisy,3,1009,sonly,1,noisy,,,,,,,,,,,,
nomad,3,302,monal,2,nomad,,,,,,,,,,,,
noose,4,317,enols,3,scone,1,noose,,,,,,,,,,
north,4,109,horst,4,forth,2,north,,,,,,,,,,
nosey,3,258,novel,1,nosey,,,,,,,,,,,,
notch,3,57,botch,1,notch,,,,,,,,,,,,
novel,2,258,novel,,,,,,,,,,,,,,
nudge,4,787,elsin,12,dunce,1,nudge,,,,,,,,,,
nurse,4,391,epris,6,curse,1,nurse,,,,,,,,,,
nutty,3,82,ditch,2,nutty,,,,,,,,,,,,
nylon,3,1009,sonly,1,nylon,,,,,,,,,,,,
nymph,3,920,sulci,2,nymph,,,,,,,,,,,,
oaken,2,4,oaken,,,,,,,,,,,,,,
obese,3,38,ovine,1,obese,,,,,,,,,,,,
occur,2,2,occur,,,,,,,,,,,,,,
ocean,2,4,ocean,,,,,,,,,,,,,,
octal,2,7,octal,,,,,,,,,,,,,,
octet,3,4,often,1,octet,,,,,,,,,,,,
odder,3,15,older,2,odder,,,,,,,,,,,,
oddly,3,39,odium,1,oddly,,,,,,,,,,,,
offal,2,27,offal,,,,,,,,,,,,,,
offer,4,15,older,2,owner,1,offer,,,,,,,,,,
often,2,4,often,,,,,,,,,,,,,,
olden,2,26,olden,,,,,,,,,,,,,,
older,2,15,older,,,,,,,,,,,,,,
olive,3,38,ovine,1,olive,,,,,,,,,,,,
ombre,2,12,ombre,,,,,,,,,,,,,,
omega,3,4,ocean,1,omega,,,,,,,,,,,,
onion,4,39,odium,2,owing,1,onion,,,,,,,,,,
onset,2,4,onset,,,,,,,,,,,,,,
opera,2,2,opera,,,,,,,,,,,,,,
opine,3,38,ovine,1,opine,,,,,,,,,,,,
opium,3,39,odium,1,opium,,,,,,,,,,,,
optic,2,8,optic,,,,,,,,,,,,,,
orbit,2,1,orbit,,,,,,,,,,,,,,
order,4,15,older,2,odder,1,order,,,,,,,,,,
organ,3,12,orang,1,organ,,,,,,,,,,,,
other,2,1,other,,,,,,,,,,,,,,
otter,3,5,outer,1,otter,,,,,,,,,,,,
ought,2,12,ought,,,,,,,,,,,,,,
ounce,3,38,ovine,1,ounce,,,,,,,,,,,,
outdo,3,8,optic,2,outdo,,,,,,,,,,,,
outer,2,5,outer,,,,,,,,,,,,,,
outgo,4,8,optic,2,outdo,1,outgo,,,,,,,,,,
ovary,3,12,orang,1,ovary,,,,,,,,,,,,
ovate,2,1,ovate,,,,,,,,,,,,,,
overt,2,1,overt,,,,,,,,,,,,,,
ovine,2,38,ovine,,,,,,,,,,,,,,
ovoid,3,39,odium,1,ovoid,,,,,,,,,,,,
owing,3,39,odium,2,owing,,,,,,,,,,,,
owner,3,15,older,2,owner,,,,,,,,,,,,
oxide,3,38,ovine,1,oxide,,,,,,,,,,,,
ozone,3,38,ovine,1,ozone,,,,,,,,,,,,
paddy,6,743,layin,17,bawdy,4,gaudy,3,caddy,2,paddy,,,,,,
pagan,3,743,layin,1,pagan,,,,,,,,,,,,
paint,5,199,nasty,9,daunt,3,faint,2,paint,,,,,,,,
paler,3,86,gaper,3,paler,,,,,,,,,,,,
palsy,4,743,layin,7,sadly,1,palsy,,,,,,,,,,
panel,3,268,navel,1,panel,,,,,,,,,,,,
panic,4,743,layin,3,manic,1,panic,,,,,,,,,,
pansy,5,743,layin,10,candy,4,mangy,3,pansy,,,,,,,,
papal,4,743,layin,6,basal,1,papal,,,,,,,,,,
paper,4,86,gaper,2,caper,1,paper,,,,,,,,,,
parer,5,86,gaper,3,paler,2,payer,1,parer,,,,,,,,
parka,4,266,hairy,3,karma,1,parka,,,,,,,,,,
parry,5,266,hairy,3,carry,2,marry,1,parry,,,,,,,,
parse,4,63,large,3,carve,1,parse,,,,,,,,,,
party,2,39,party,,,,,,,,,,,,,,
pasta,3,199,nasty,1,pasta,,,,,,,,,,,,
paste,5,23,baste,5,caste,4,haste,3,paste,,,,,,,,
pasty,4,199,nasty,3,hasty,2,pasty,,,,,,,,,,
patch,5,61,latch,6,batch,5,match,4,patch,,,,,,,,
patio,3,9,baton,1,patio,,,,,,,,,,,,
patsy,3,61,latch,7,patsy,,,,,,,,,,,,
patty,4,61,latch,7,patsy,1,patty,,,,,,,,,,
pause,4,112,value,5,cause,1,pause,,,,,,,,,,
payee,4,268,navel,2,cagey,1,payee,,,,,,,,,,
payer,4,86,gaper,3,paler,2,payer,,,,,,,,,,
peace,4,398,deals,6,peach,1,peace,,,,,,,,,,
peach,3,398,deals,6,peach,,,,,,,,,,,,
pearl,3,190,recal,1,pearl,,,,,,,,,,,,
pecan,4,398,deals,5,began,1,pecan,,,,,,,,,,
pedal,4,398,deals,2,medal,1,pedal,,,,,,,,,,
penal,4,398,deals,3,fecal,2,penal,,,,,,,,,,
pence,6,787,elsin,12,dunce,3,fence,2,hence,1,pence,,,,,,
penne,4,787,elsin,12,dunce,1,penne,,,,,,,,,,
penny,4,787,elsin,12,dunce,1,penny,,,,,,,,,,
perch,3,391,epris,3,perch,,,,,,,,,,,,
peril,3,391,epris,1,peril,,,,,,,,,,,,
perky,4,391,epris,3,perch,1,perky,,,,,,,,,,
pesky,3,787,elsin,1,pesky,,,,,,,,,,,,
pesto,2,68,pesto,,,,,,,,,,,,,,
petal,4,17,fetal,2,metal,1,petal,,,,,,,,,,
petty,4,56,cutie,2,jetty,1,petty,,,,,,,,,,
phase,3,398,deals,11,phase,,,,,,,,,,,,
phone,3,317,enols,1,phone,,,,,,,,,,,,
phony,3,1009,sonly,1,phony,,,,,,,,,,,,
photo,4,266,houts,2,cloth,1,photo,,,,,,,,,,
piano,4,302,monal,3,axion,1,piano,,,,,,,,,,
picky,4,920,sulci,5,cynic,1,picky,,,,,,,,,,
piece,4,787,elsin,9,chide,1,piece,,,,,,,,,,
piety,4,304,steil,2,inept,1,piety,,,,,,,,,,
piggy,4,920,sulci,19,dingy,1,piggy,,,,,,,,,,
pilot,4,266,houts,5,bigot,2,pilot,,,,,,,,,,
pinch,5,920,sulci,6,winch,3,finch,2,pinch,,,,,,,,
piney,3,591,lined,2,piney,,,,,,,,,,,,
pinky,4,920,sulci,19,dingy,3,pinky,,,,,,,,,,
pinto,3,266,houts,1,pinto,,,,,,,,,,,,
piper,5,182,idler,15,finer,8,viper,2,piper,,,,,,,,
pique,5,787,elsin,9,chide,2,imbue,1,pique,,,,,,,,
pitch,3,82,ditch,3,pitch,,,,,,,,,,,,
pithy,3,82,ditch,1,pithy,,,,,,,,,,,,
pivot,5,266,houts,5,bigot,2,pilot,1,pivot,,,,,,,,
pixel,3,591,lined,1,pixel,,,,,,,,,,,,
pixie,4,787,elsin,2,medic,1,pixie,,,,,,,,,,
pizza,4,748,anils,2,khaki,1,pizza,,,,,,,,,,
place,4,398,deals,8,blame,4,place,,,,,,,,,,
plaid,4,748,anils,5,claim,2,plaid,,,,,,,,,,
plain,4,748,anils,2,final,1,plain,,,,,,,,,,
plait,3,176,slant,1,plait,,,,,,,,,,,,
plane,5,398,deals,8,blame,4,place,1,plane,,,,,,,,
plank,6,748,anils,7,blank,3,clank,2,flank,1,plank,,,,,,
plant,3,176,slant,1,plant,,,,,,,,,,,,
plate,3,125,least,2,plate,,,,,,,,,,,,
plaza,4,748,anils,9,black,2,plaza,,,,,,,,,,
plead,4,398,deals,2,ideal,1,plead,,,,,,,,,,
pleat,5,125,least,4,cleat,2,bleat,1,pleat,,,,,,,,
plied,3,591,lined,1,plied,,,,,,,,,,,,
plier,4,182,idler,4,flier,1,plier,,,,,,,,,,
pluck,3,920,sulci,2,pluck,,,,,,,,,,,,
plumb,4,920,sulci,7,flunk,2,plumb,,,,,,,,,,
plume,4,787,elsin,4,fluke,1,plume,,,,,,,,,,
plump,5,920,sulci,7,flunk,2,plumb,1,plump,,,,,,,,
plunk,4,920,sulci,7,flunk,1,plunk,,,,,,,,,,
plush,5,920,sulci,3,blush,2,flush,1,plush,,,,,,,,
poesy,4,317,enols,6,copse,1,poesy,,,,,,,,,,
point,5,266,houts,8,tonic,2,joint,1,point,,,,,,,,
poise,4,317,enols,6,copse,2,poise,,,,,,,,,,
poker,4,64,vower,11,poser,1,poker,,,,,,,,,,
polar,4,20,bolar,3,molar,2,polar,,,,,,,,,,
polka,3,302,monal,3,polka,,,,,,,,,,,,
polyp,3,1009,sonly,1,polyp,,,,,,,,,,,,
pooch,4,1009,sonly,8,cough,1,pooch,,,,,,,,,,
poppy,6,1009,sonly,15,howdy,7,comfy,4,boozy,1,poppy,,,,,,
porch,4,329,drony,7,curio,1,porch,,,,,,,,,,
poser,3,64,vower,11,poser,,,,,,,,,,,,
posit,4,266,houts,5,foist,1,posit,,,,,,,,,,
posse,5,317,enols,6,copse,2,poise,1,posse,,,,,,,,
pouch,4,1009,sonly,8,cough,2,pouch,,,,,,,,,,
pound,7,1009,sonly,8,bound,5,found,4,hound,3,mound,2,pound,,,,
pouty,3,266,houts,1,pouty,,,,,,,,,,,,
power,6,64,vower,6,cower,5,lower,4,mower,3,power,,,,,,
prank,5,326,crans,5,drank,2,frank,1,prank,,,,,,,,
prawn,5,326,crans,6,brain,2,drawn,1,prawn,,,,,,,,
preen,3,178,pried,1,preen,,,,,,,,,,,,
press,3,391,epris,1,press,,,,,,,,,,,,
price,4,391,epris,5,gripe,4,price,,,,,,,,,,
prick,4,333,cursi,2,brick,1,prick,,,,,,,,,,
pride,5,391,epris,5,gripe,4,price,3,pride,,,,,,,,
pried,2,178,pried,,,,,,,,,,,,,,
prime,6,391,epris,5,gripe,4,price,3,pride,2,prime,,,,,,
primo,3,329,drony,1,primo,,,,,,,,,,,,
print,4,121,bruit,3,drift,2,print,,,,,,,,,,
prior,4,34,choir,5,vigor,1,prior,,,,,,,,,,
prism,4,333,cursi,3,brisk,1,prism,,,,,,,,,,
privy,5,333,cursi,14,grind,3,frill,1,privy,,,,,,,,
prize,7,391,epris,5,gripe,4,price,3,pride,2,prime,1,prize,,,,
probe,4,139,ergos,9,drone,4,probe,,,,,,,,,,
prone,5,139,ergos,9,drone,2,crone,1,prone,,,,,,,,
prong,3,329,drony,2,prong,,,,,,,,,,,,
proof,5,329,drony,14,croup,2,prowl,1,proof,,,,,,,,
prose,3,139,ergos,1,prose,,,,,,,,,,,,
proud,4,329,drony,3,crowd,2,proud,,,,,,,,,,
prove,5,139,ergos,9,drone,4,probe,1,prove,,,,,,,,
prowl,4,329,drony,14,croup,2,prowl,,,,,,,,,,
proxy,3,329,drony,1,proxy,,,,,,,,,,,,
prude,3,391,epris,4,prude,,,,,,,,,,,,
prune,4,391,epris,4,prude,1,prune,,,,,,,,,,
psalm,4,748,anils,6,scalp,1,psalm,,,,,,,,,,
pubic,3,920,sulci,3,pubic,,,,,,,,,,,,
pudgy,4,920,sulci,18,dumpy,1,pudgy,,,,,,,,,,
puffy,4,920,sulci,18,dumpy,1,puffy,,,,,,,,,,
pulpy,5,920,sulci,6,bulky,4,dully,1,pulpy,,,,,,,,
pulse,4,787,elsin,7,welsh,1,pulse,,,,,,,,,,
punch,5,920,sulci,4,bunch,3,munch,2,punch,,,,,,,,
pupal,4,748,anils,9,black,1,pupal,,,,,,,,,,
pupil,4,920,sulci,4,build,1,pupil,,,,,,,,,,
puppy,5,920,sulci,18,dumpy,2,guppy,1,puppy,,,,,,,,
puree,3,178,pried,1,puree,,,,,,,,,,,,
purer,4,182,idler,21,super,1,purer,,,,,,,,,,
purge,4,391,epris,3,perch,1,purge,,,,,,,,,,
purse,3,391,epris,1,purse,,,,,,,,,,,,
pushy,6,920,sulci,9,husky,3,bushy,2,mushy,1,pushy,,,,,,
putty,4,82,ditch,2,nutty,1,putty,,,,,,,,,,
pygmy,4,920,sulci,2,nymph,1,pygmy,,,,,,,,,,
quack,4,748,anils,5,whack,1,quack,,,,,,,,,,
quail,4,748,anils,5,claim,1,quail,,,,,,,,,,
quake,5,398,deals,8,image,4,knave,2,quake,,,,,,,,
qualm,4,748,anils,2,chalk,1,qualm,,,,,,,,,,
quark,4,326,crans,7,dwarf,2,quark,,,,,,,,,,
quart,4,105,airts,10,craft,1,quart,,,,,,,,,,
quash,4,748,anils,14,chasm,2,quash,,,,,,,,,,
quasi,4,748,anils,3,sigma,1,quasi,,,,,,,,,,
queen,4,591,lined,5,hymen,2,queen,,,,,,,,,,
queer,5,182,idler,21,super,2,buyer,1,queer,,,,,,,,
quell,5,787,elsin,15,belch,2,dwell,1,quell,,,,,,,,
query,4,391,epris,12,decry,1,query,,,,,,,,,,
quest,5,304,steil,4,chest,2,guest,1,quest,,,,,,,,
queue,4,787,elsin,15,budge,1,queue,,,,,,,,,,
quick,4,920,sulci,2,juicy,1,quick,,,,,,,,,,
quiet,3,97,islet,1,quiet,,,,,,,,,,,,
quill,4,920,sulci,4,build,1,quill,,,,,,,,,,
quilt,5,311,inust,3,built,2,guilt,1,quilt,,,,,,,,
quirk,3,333,cursi,1,quirk,,,,,,,,,,,,
quite,4,304,steil,9,twice,2,quite,,,,,,,,,,
quota,3,73,bloat,1,quota,,,,,,,,,,,,
quote,3,68,pesto,1,quote,,,,,,,,,,,,
quoth,3,266,houts,1,quoth,,,,,,,,,,,,
rabbi,4,266,hairy,4,rabid,1,rabbi,,,,,,,,,,
rabid,3,266,hairy,4,rabid,,,,,,,,,,,,
racer,7,86,gaper,10,baker,7,safer,4,layer,3,waver,2,racer,,,,
radar,3,18,nadir,1,radar,,,,,,,,,,,,
radii,4,266,hairy,4,rabid,1,radii,,,,,,,,,,
radio,3,32,caron,1,radio,,,,,,,,,,,,
rainy,3,266,hairy,1,rainy,,,,,,,,,,,,
raise,3,63,large,1,raise,,,,,,,,,,,,
rajah,5,266,hairy,5,march,2,ralph,1,rajah,,,,,,,,
rally,5,266,hairy,3,randy,2,raspy,1,rally,,,,,,,,
ralph,4,266,hairy,5,march,2,ralph,,,,,,,,,,
ramen,2,62,ramen,,,,,,,,,,,,,,
ranch,4,266,hairy,5,march,1,ranch,,,,,,,,,,
randy,3,266,hairy,3,randy,,,,,,,,,,,,
range,3,63,large,1,range,,,,,,,,,,,,
rapid,4,266,hairy,4,rabid,1,rapid,,,,,,,,,,
rarer,8,86,gaper,10,baker,7,safer,4,layer,3,waver,2,racer,1,rarer,,
raspy,4,266,hairy,3,randy,2,raspy,,,,,,,,,,
ratio,2,3,ratio,,,,,,,,,,,,,,
ratty,2,8,ratty,,,,,,,,,,,,,,
raven,3,62,ramen,1,raven,,,,,,,,,,,,
rayon,3,32,caron,1,rayon,,,,,,,,,,,,
razor,4,13,valor,4,major,1,razor,,,,,,,,,,
reach,3,190,recal,1,reach,,,,,,,,,,,,
react,3,41,crate,1,react,,,,,,,,,,,,
ready,3,190,recal,2,ready,,,,,,,,,,,,
realm,3,190,recal,1,realm,,,,,,,,,,,,
rearm,4,190,recal,2,ready,1,rearm,,,,,,,,,,
rebar,4,35,escar,2,debar,1,rebar,,,,,,,,,,
rebel,4,178,pried,6,screw,2,rebel,,,,,,,,,,
rebus,3,391,epris,3,rebus,,,,,,,,,,,,
rebut,3,99,recit,1,rebut,,,,,,,,,,,,
recap,3,190,recal,1,recap,,,,,,,,,,,,
recur,3,14,demur,1,recur,,,,,,,,,,,,
recut,3,99,recit,1,recut,,,,,,,,,,,,
reedy,4,391,epris,12,decry,1,reedy,,,,,,,,,,
refer,5,182,idler,21,super,9,fever,1,refer,,,,,,,,
refit,3,99,recit,2,refit,,,,,,,,,,,,
regal,3,190,recal,2,regal,,,,,,,,,,,,
rehab,3,190,recal,2,rehab,,,,,,,,,,,,
reign,4,391,epris,13,bride,1,reign,,,,,,,,,,
relax,3,190,recal,2,relax,,,,,,,,,,,,
relay,4,190,recal,2,relax,1,relay,,,,,,,,,,
relic,3,391,epris,1,relic,,,,,,,,,,,,
remit,4,99,recit,2,refit,1,remit,,,,,,,,,,
renal,4,190,recal,2,regal,1,renal,,,,,,,,,,
renew,4,178,pried,6,screw,1,renew,,,,,,,,,,
repay,4,190,recal,2,rehab,1,repay,,,,,,,,,,
repel,3,178,pried,3,repel,,,,,,,,,,,,
reply,4,391,epris,4,prude,1,reply,,,,,,,,,,
rerun,5,391,epris,13,mercy,4,nerve,1,rerun,,,,,,,,
reset,3,31,rivet,1,reset,,,,,,,,,,,,
resin,3,391,epris,1,resin,,,,,,,,,,,,
retch,3,12,entry,1,retch,,,,,,,,,,,,
retro,3,5,metro,1,retro,,,,,,,,,,,,
retry,3,12,entry,1,retry,,,,,,,,,,,,
reuse,4,391,epris,2,fresh,1,reuse,,,,,,,,,,
revel,5,178,pried,6,screw,2,rebel,1,revel,,,,,,,,
revue,4,391,epris,12,decry,1,revue,,,,,,,,,,
rhino,3,329,drony,1,rhino,,,,,,,,,,,,
rhyme,4,391,epris,12,decry,1,rhyme,,,,,,,,,,
rider,5,182,idler,6,cider,2,wider,1,rider,,,,,,,,
ridge,4,391,epris,13,bride,1,ridge,,,,,,,,,,
rifle,4,391,epris,13,bride,1,rifle,,,,,,,,,,
right,4,121,bruit,5,first,1,right,,,,,,,,,,
rigid,4,333,cursi,14,grind,1,rigid,,,,,,,,,,
rigor,4,34,choir,5,vigor,1,rigor,,,,,,,,,,
rinse,3,391,epris,2,rinse,,,,,,,,,,,,
ripen,3,178,pried,1,ripen,,,,,,,,,,,,
riper,6,182,idler,15,finer,8,viper,2,piper,1,riper,,,,,,
risen,3,178,pried,2,risen,,,,,,,,,,,,
riser,7,182,idler,15,finer,8,viper,3,miser,2,wiser,1,riser,,,,
risky,3,333,cursi,4,risky,,,,,,,,,,,,
rival,4,326,crans,6,mural,1,rival,,,,,,,,,,
river,6,182,idler,15,finer,8,viper,2,giver,1,river,,,,,,
rivet,2,31,rivet,,,,,,,,,,,,,,
roach,4,110,acorn,2,coral,1,roach,,,,,,,,,,
roast,3,21,abort,1,roast,,,,,,,,,,,,
robin,4,329,drony,3,mourn,1,robin,,,,,,,,,,
robot,4,109,horst,2,court,1,robot,,,,,,,,,,
rocky,3,329,drony,4,rocky,,,,,,,,,,,,
rodeo,3,56,bored,1,rodeo,,,,,,,,,,,,
roger,5,64,vower,11,poser,7,goner,1,roger,,,,,,,,
rogue,3,139,ergos,1,rogue,,,,,,,,,,,,
roomy,4,329,drony,3,glory,1,roomy,,,,,,,,,,
roost,3,109,horst,1,roost,,,,,,,,,,,,
rotor,3,4,motor,1,rotor,,,,,,,,,,,,
rouge,4,139,ergos,3,forge,1,rouge,,,,,,,,,,
rough,4,329,drony,7,curio,1,rough,,,,,,,,,,
round,3,329,drony,1,round,,,,,,,,,,,,
rouse,4,139,ergos,9,horse,1,rouse,,,,,,,,,,
route,3,17,forte,1,route,,,,,,,,,,,,
rover,7,64,vower,5,cover,4,hover,3,lover,2,mover,1,rover,,,,
rowdy,3,329,drony,2,rowdy,,,,,,,,,,,,
rower,8,64,vower,6,cower,5,lower,4,mower,3,power,2,sower,1,rower,,
royal,3,110,acorn,5,royal,,,,,,,,,,,,
ruddy,4,333,cursi,2,rugby,1,ruddy,,,,,,,,,,
ruder,4,182,idler,4,under,1,ruder,,,,,,,,,,
rugby,3,333,cursi,2,rugby,,,,,,,,,,,,
ruler,3,182,idler,1,ruler,,,,,,,,,,,,
rumba,4,326,crans,6,mural,1,rumba,,,,,,,,,,
rumor,4,34,choir,4,furor,1,rumor,,,,,,,,,,
rupee,4,178,pried,3,repel,1,rupee,,,,,,,,,,
rural,4,326,crans,6,mural,1,rural,,,,,,,,,,
rusty,3,121,bruit,2,rusty,,,,,,,,,,,,
sadly,3,743,layin,7,sadly,,,,,,,,,,,,
safer,4,86,gaper,10,baker,7,safer,,,,,,,,,,
saint,3,199,nasty,1,saint,,,,,,,,,,,,
salad,4,743,layin,6,basal,1,salad,,,,,,,,,,
sally,4,743,layin,7,sadly,1,sally,,,,,,,,,,
salon,4,104,canso,2,mason,1,salon,,,,,,,,,,
salsa,4,743,layin,6,basal,1,salsa,,,,,,,,,,
salty,3,199,nasty,1,salty,,,,,,,,,,,,
salve,4,112,value,2,halve,1,salve,,,,,,,,,,
salvo,3,104,canso,1,salvo,,,,,,,,,,,,
sandy,5,743,layin,10,candy,3,handy,2,sandy,,,,,,,,
saner,5,86,gaper,10,baker,7,safer,1,saner,,,,,,,,
sappy,4,743,layin,17,bawdy,8,sappy,,,,,,,,,,
sassy,7,743,layin,17,bawdy,8,sappy,3,saucy,2,savvy,1,sassy,,,,
satin,4,61,latch,7,patsy,1,satin,,,,,,,,,,
satyr,2,2,satyr,,,,,,,,,,,,,,
sauce,4,112,value,5,cause,1,sauce,,,,,,,,,,
saucy,5,743,layin,17,bawdy,8,sappy,3,saucy,,,,,,,,
sauna,4,743,layin,3,fauna,1,sauna,,,,,,,,,,
saute,3,23,baste,1,saute,,,,,,,,,,,,
savor,4,13,valor,2,favor,1,savor,,,,,,,,,,
savoy,3,104,canso,1,savoy,,,,,,,,,,,,
savvy,6,743,layin,17,bawdy,8,sappy,3,saucy,2,savvy,,,,,,
scald,4,748,anils,6,scalp,2,scald,,,,,,,,,,
scale,3,398,deals,2,scale,,,,,,,,,,,,
scalp,3,748,anils,6,scalp,,,,,,,,,,,,
scaly,5,748,anils,6,scalp,2,scald,1,scaly,,,,,,,,
scamp,4,748,anils,14,chasm,2,scamp,,,,,,,,,,
scant,3,176,slant,1,scant,,,,,,,,,,,,
scare,4,190,recal,6,brace,1,scare,,,,,,,,,,
scarf,3,326,crans,2,scarf,,,,,,,,,,,,
scary,4,326,crans,2,scarf,1,scary,,,,,,,,,,
scene,4,787,elsin,4,spend,1,scene,,,,,,,,,,
scent,4,304,steil,3,spent,1,scent,,,,,,,,,,
scion,4,1009,sonly,5,shown,1,scion,,,,,,,,,,
scoff,4,1009,sonly,8,shock,2,scoff,,,,,,,,,,
scold,3,1009,sonly,1,scold,,,,,,,,,,,,
scone,3,317,enols,3,scone,,,,,,,,,,,,
scoop,5,1009,sonly,8,shock,2,scoff,1,scoop,,,,,,,,
scope,4,317,enols,8,chose,1,scope,,,,,,,,,,
score,4,139,ergos,9,horse,4,score,,,,,,,,,,
scorn,3,329,drony,3,scorn,,,,,,,,,,,,
scour,3,34,choir,1,scour,,,,,,,,,,,,
scout,3,266,houts,4,scout,,,,,,,,,,,,
scowl,4,1009,sonly,5,spoil,1,scowl,,,,,,,,,,
scram,3,326,crans,2,scram,,,,,,,,,,,,
scrap,4,326,crans,2,scram,1,scrap,,,,,,,,,,
scree,4,178,pried,6,screw,1,scree,,,,,,,,,,
screw,3,178,pried,6,screw,,,,,,,,,,,,
scrub,3,333,cursi,2,scrub,,,,,,,,,,,,
scrum,4,333,cursi,2,scrub,1,scrum,,,,,,,,,,
scuba,4,748,anils,14,chasm,1,scuba,,,,,,,,,,
sedan,3,398,deals,1,sedan,,,,,,,,,,,,
seedy,5,787,elsin,6,guess,2,speck,1,seedy,,,,,,,,
segue,4,787,elsin,6,guess,1,segue,,,,,,,,,,
seize,5,787,elsin,6,guise,3,spice,1,seize,,,,,,,,
semen,4,591,lined,5,hymen,1,semen,,,,,,,,,,
sense,4,787,elsin,4,spend,1,sense,,,,,,,,,,
sepia,3,398,deals,1,sepia,,,,,,,,,,,,
serif,3,391,epris,1,serif,,,,,,,,,,,,
serum,4,391,epris,6,curse,1,serum,,,,,,,,,,
serve,4,391,epris,6,curse,1,serve,,,,,,,,,,
setup,4,56,cutie,2,fetus,1,setup,,,,,,,,,,
seven,5,591,lined,5,hymen,2,queen,1,seven,,,,,,,,
sever,4,182,idler,21,super,4,sever,,,,,,,,,,
sewer,5,182,idler,21,super,4,sever,1,sewer,,,,,,,,
shack,4,748,anils,14,chasm,1,shack,,,,,,,,,,
shade,3,398,deals,2,shade,,,,,,,,,,,,
shady,4,748,anils,14,chasm,2,shady,,,,,,,,,,
shaft,3,176,slant,1,shaft,,,,,,,,,,,,
shake,4,398,deals,11,phase,3,shake,,,,,,,,,,
shaky,5,748,anils,14,chasm,2,shady,1,shaky,,,,,,,,
shale,4,398,deals,2,scale,1,shale,,,,,,,,,,
shall,4,748,anils,6,scalp,2,shall,,,,,,,,,,
shalt,3,176,slant,1,shalt,,,,,,,,,,,,
shame,5,398,deals,11,phase,3,shake,2,shame,,,,,,,,
shank,4,748,anils,3,spank,1,shank,,,,,,,,,,
shape,4,398,deals,11,phase,1,shape,,,,,,,,,,
shard,4,326,crans,5,shark,2,shard,,,,,,,,,,
share,4,190,recal,19,grade,4,share,,,,,,,,,,
shark,3,326,crans,5,shark,,,,,,,,,,,,
sharp,5,326,crans,5,shark,2,shard,1,sharp,,,,,,,,
shave,6,398,deals,11,phase,3,shake,2,shame,1,shave,,,,,,
shawl,4,748,anils,8,clash,1,shawl,,,,,,,,,,
shear,3,35,escar,4,shear,,,,,,,,,,,,
sheen,4,591,lined,5,hymen,1,sheen,,,,,,,,,,
sheep,3,591,lined,4,sheep,,,,,,,,,,,,
sheer,5,182,idler,21,super,4,sever,2,sheer,,,,,,,,
sheet,4,97,islet,5,unset,2,sheet,,,,,,,,,,
sheik,3,787,elsin,1,sheik,,,,,,,,,,,,
shelf,4,787,elsin,7,welsh,2,shelf,,,,,,,,,,
shell,5,787,elsin,7,welsh,2,shelf,1,shell,,,,,,,,
shied,3,591,lined,2,shied,,,,,,,,,,,,
shift,4,311,inust,7,spilt,2,shift,,,,,,,,,,
shine,4,787,elsin,7,snipe,2,shine,,,,,,,,,,
shiny,4,920,sulci,9,spiny,1,shiny,,,,,,,,,,
shire,4,391,epris,2,rinse,1,shire,,,,,,,,,,
shirk,4,333,cursi,4,risky,2,shirk,,,,,,,,,,
shirt,4,121,bruit,5,first,2,shirt,,,,,,,,,,
shoal,3,302,monal,1,shoal,,,,,,,,,,,,
shock,3,1009,sonly,8,shock,,,,,,,,,,,,
shone,4,317,enols,3,scone,1,shone,,,,,,,,,,
shook,4,1009,sonly,8,shock,1,shook,,,,,,,,,,
shoot,4,266,houts,2,ghost,1,shoot,,,,,,,,,,
shore,4,139,ergos,9,horse,1,shore,,,,,,,,,,
shorn,4,329,drony,3,scorn,2,shorn,,,,,,,,,,
short,3,109,horst,1,short,,,,,,,,,,,,
shout,3,266,houts,1,shout,,,,,,,,,,,,
shove,4,317,enols,8,chose,1,shove,,,,,,,,,,
shown,3,1009,sonly,5,shown,,,,,,,,,,,,
showy,3,1009,sonly,2,showy,,,,,,,,,,,,
shrew,4,178,pried,6,screw,1,shrew,,,,,,,,,,
shrub,3,333,cursi,3,shrub,,,,,,,,,,,,
shrug,4,333,cursi,3,shrub,1,shrug,,,,,,,,,,
shuck,3,920,sulci,2,shuck,,,,,,,,,,,,
shunt,3,311,inust,2,shunt,,,,,,,,,,,,
shush,4,920,sulci,5,spunk,1,shush,,,,,,,,,,
shyly,3,920,sulci,2,shyly,,,,,,,,,,,,
siege,4,787,elsin,6,guise,1,siege,,,,,,,,,,
sieve,4,787,elsin,6,guise,1,sieve,,,,,,,,,,
sight,4,311,inust,7,spilt,1,sight,,,,,,,,,,
sigma,3,748,anils,3,sigma,,,,,,,,,,,,
silky,3,920,sulci,2,silky,,,,,,,,,,,,
silly,4,920,sulci,2,silky,1,silly,,,,,,,,,,
since,4,787,elsin,7,snipe,2,since,,,,,,,,,,
sinew,4,591,lined,2,piney,1,sinew,,,,,,,,,,
singe,5,787,elsin,7,snipe,2,since,1,singe,,,,,,,,
siren,4,178,pried,2,risen,1,siren,,,,,,,,,,
sissy,4,920,sulci,9,spiny,1,sissy,,,,,,,,,,
sixth,3,311,inust,6,sixth,,,,,,,,,,,,
sixty,4,311,inust,6,sixth,1,sixty,,,,,,,,,,
skate,3,125,least,5,skate,,,,,,,,,,,,
skier,4,182,idler,15,finer,2,skier,,,,,,,,,,
skiff,4,920,sulci,9,spiny,2,skiff,,,,,,,,,,
skill,4,920,sulci,6,slink,1,skill,,,,,,,,,,
skimp,4,920,sulci,9,spiny,1,skimp,,,,,,,,,,
skirt,5,121,bruit,5,first,2,shirt,1,skirt,,,,,,,,
skulk,4,920,sulci,6,slunk,1,skulk,,,,,,,,,,
skull,4,920,sulci,6,slunk,1,skull,,,,,,,,,,
skunk,4,920,sulci,5,spunk,1,skunk,,,,,,,,,,
slack,4,748,anils,8,clash,1,slack,,,,,,,,,,
slain,3,748,anils,1,slain,,,,,,,,,,,,
slang,3,748,anils,1,slang,,,,,,,,,,,,
slant,2,176,slant,,,,,,,,,,,,,,
slash,5,748,anils,8,clash,2,flash,1,slash,,,,,,,,
slate,3,125,least,2,slate,,,,,,,,,,,,
slave,3,398,deals,1,slave,,,,,,,,,,,,
sleek,4,591,lined,10,bleep,1,sleek,,,,,,,,,,
sleep,4,591,lined,10,bleep,1,sleep,,,,,,,,,,
sleet,3,97,islet,1,sleet,,,,,,,,,,,,
slept,3,304,steil,3,slept,,,,,,,,,,,,
slice,3,787,elsin,3,slice,,,,,,,,,,,,
slick,3,920,sulci,1,slick,,,,,,,,,,,,
slide,4,787,elsin,3,slice,2,slide,,,,,,,,,,
slime,5,787,elsin,3,slice,2,slide,1,slime,,,,,,,,
slimy,4,920,sulci,6,slink,1,slimy,,,,,,,,,,
sling,4,920,sulci,6,slink,1,sling,,,,,,,,,,
slink,3,920,sulci,6,slink,,,,,,,,,,,,
sloop,4,1009,sonly,5,spoil,1,sloop,,,,,,,,,,
slope,4,317,enols,3,close,1,slope,,,,,,,,,,
slosh,4,1009,sonly,5,spoil,1,slosh,,,,,,,,,,
sloth,3,266,houts,1,sloth,,,,,,,,,,,,
slump,4,920,sulci,6,slunk,2,slump,,,,,,,,,,
slung,4,920,sulci,6,slunk,1,slung,,,,,,,,,,
slunk,3,920,sulci,6,slunk,,,,,,,,,,,,
slurp,3,333,cursi,3,slurp,,,,,,,,,,,,
slush,5,920,sulci,6,slunk,2,slump,1,slush,,,,,,,,
slyly,4,920,sulci,2,shyly,1,slyly,,,,,,,,,,
smack,5,748,anils,14,chasm,2,scamp,1,smack,,,,,,,,
small,5,748,anils,6,scalp,2,shall,1,small,,,,,,,,
smart,3,105,airts,4,smart,,,,,,,,,,,,
smash,4,748,anils,14,chasm,1,smash,,,,,,,,,,
smear,4,35,escar,4,shear,3,smear,,,,,,,,,,
smell,4,787,elsin,7,welsh,2,smell,,,,,,,,,,
smelt,4,304,steil,3,slept,1,smelt,,,,,,,,,,
smile,3,787,elsin,1,smile,,,,,,,,,,,,
smirk,5,333,cursi,4,risky,2,shirk,1,smirk,,,,,,,,
smite,3,304,steil,3,smite,,,,,,,,,,,,
smith,4,311,inust,6,sixth,1,smith,,,,,,,,,,
smock,4,1009,sonly,8,shock,1,smock,,,,,,,,,,
smoke,4,317,enols,8,chose,2,smoke,,,,,,,,,,
smoky,4,1009,sonly,2,showy,1,smoky,,,,,,,,,,
smote,3,68,pesto,1,smote,,,,,,,,,,,,
snack,3,748,anils,3,snack,,,,,,,,,,,,
snail,3,748,anils,1,snail,,,,,,,,,,,,
snake,5,398,deals,11,phase,3,suave,1,snake,,,,,,,,
snaky,4,748,anils,3,snack,1,snaky,,,,,,,,,,
snare,5,190,recal,19,grade,4,share,2,snare,,,,,,,,
snarl,3,326,crans,1,snarl,,,,,,,,,,,,
sneak,4,398,deals,5,abuse,3,sneak,,,,,,,,,,
sneer,6,182,idler,21,super,4,sever,2,sheer,1,sneer,,,,,,
snide,4,787,elsin,7,snipe,1,snide,,,,,,,,,,
sniff,4,920,sulci,9,spiny,1,sniff,,,,,,,,,,
snipe,3,787,elsin,7,snipe,,,,,,,,,,,,
snoop,4,1009,sonly,5,shown,1,snoop,,,,,,,,,,
snore,5,139,ergos,9,horse,4,score,3,snore,,,,,,,,
snort,3,109,horst,2,snort,,,,,,,,,,,,
snout,4,266,houts,4,scout,3,snout,,,,,,,,,,
snowy,3,1009,sonly,1,snowy,,,,,,,,,,,,
snuck,4,920,sulci,2,shuck,1,snuck,,,,,,,,,,
snuff,4,920,sulci,5,spunk,1,snuff,,,,,,,,,,
soapy,4,302,monal,4,coach,1,soapy,,,,,,,,,,
sober,4,64,vower,11,poser,1,sober,,,,,,,,,,
soggy,3,1009,sonly,1,soggy,,,,,,,,,,,,
solar,5,20,bolar,3,molar,2,polar,1,solar,,,,,,,,
solid,3,1009,sonly,1,solid,,,,,,,,,,,,
solve,4,317,enols,2,louse,1,solve,,,,,,,,,,
sonar,3,20,bolar,1,sonar,,,,,,,,,,,,
sonic,3,1009,sonly,1,sonic,,,,,,,,,,,,
sooth,3,266,houts,1,sooth,,,,,,,,,,,,
sooty,3,266,houts,1,sooty,,,,,,,,,,,,
sorry,5,329,drony,4,rocky,3,lorry,2,sorry,,,,,,,,
sound,3,1009,sonly,1,sound,,,,,,,,,,,,
south,3,266,houts,1,south,,,,,,,,,,,,
sower,7,64,vower,6,cower,5,lower,4,mower,3,power,2,sower,,,,
space,4,398,deals,11,phase,1,space,,,,,,,,,,
spade,4,398,deals,2,shade,1,spade,,,,,,,,,,
spank,3,748,anils,3,spank,,,,,,,,,,,,
spare,6,190,recal,19,grade,4,share,2,snare,1,spare,,,,,,
spark,4,326,crans,5,shark,1,spark,,,,,,,,,,
spasm,4,748,anils,14,chasm,1,spasm,,,,,,,,,,
spawn,4,748,anils,3,spank,1,spawn,,,,,,,,,,
speak,5,398,deals,5,abuse,3,sneak,1,speak,,,,,,,,
spear,5,35,escar,4,shear,3,smear,2,spear,,,,,,,,
speck,4,787,elsin,6,guess,2,speck,,,,,,,,,,
speed,4,591,lined,3,bused,1,speed,,,,,,,,,,
spell,5,787,elsin,7,welsh,2,smell,1,spell,,,,,,,,
spelt,4,304,steil,3,slept,1,spelt,,,,,,,,,,
spend,3,787,elsin,4,spend,,,,,,,,,,,,
spent,3,304,steil,3,spent,,,,,,,,,,,,
sperm,3,391,epris,1,sperm,,,,,,,,,,,,
spice,4,787,elsin,6,guise,3,spice,,,,,,,,,,
spicy,3,920,sulci,1,spicy,,,,,,,,,,,,
spied,4,591,lined,2,shied,1,spied,,,,,,,,,,
spiel,4,591,lined,2,impel,1,spiel,,,,,,,,,,
spike,5,787,elsin,6,guise,3,spice,1,spike,,,,,,,,
spiky,4,920,sulci,9,spiny,1,spiky,,,,,,,,,,
spill,4,920,sulci,6,slink,2,spill,,,,,,,,,,
spilt,3,311,inust,7,spilt,,,,,,,,,,,,
spine,4,787,elsin,7,snipe,1,spine,,,,,,,,,,
spiny,3,920,sulci,9,spiny,,,,,,,,,,,,
spire,3,391,epris,1,spire,,,,,,,,,,,,
spite,4,304,steil,3,smite,2,spite,,,,,,,,,,
splat,3,176,slant,1,splat,,,,,,,,,,,,
split,4,311,inust,7,spilt,1,split,,,,,,,,,,
spoil,3,1009,sonly,5,spoil,,,,,,,,,,,,
spoke,5,317,enols,8,chose,2,smoke,1,spoke,,,,,,,,
spoof,4,1009,sonly,8,shock,2,spoof,,,,,,,,,,
spook,4,1009,sonly,8,shock,1,spook,,,,,,,,,,
spool,4,1009,sonly,5,spoil,1,spool,,,,,,,,,,
spoon,4,1009,sonly,5,shown,1,spoon,,,,,,,,,,
spore,6,139,ergos,9,horse,4,score,3,snore,2,spore,,,,,,
sport,4,109,horst,2,snort,1,sport,,,,,,,,,,
spout,5,266,houts,4,scout,3,snout,2,spout,,,,,,,,
spray,3,326,crans,1,spray,,,,,,,,,,,,
spree,4,178,pried,3,repel,1,spree,,,,,,,,,,
sprig,3,333,cursi,1,sprig,,,,,,,,,,,,
spunk,3,920,sulci,5,spunk,,,,,,,,,,,,
spurn,4,333,cursi,3,slurp,1,spurn,,,,,,,,,,
spurt,3,121,bruit,1,spurt,,,,,,,,,,,,
squad,4,748,anils,14,chasm,1,squad,,,,,,,,,,
squat,3,176,slant,1,squat,,,,,,,,,,,,
squib,3,920,sulci,1,squib,,,,,,,,,,,,
stack,4,176,slant,6,swath,4,stack,,,,,,,,,,
staff,7,176,slant,6,swath,4,stack,3,staid,2,stamp,1,staff,,,,
stage,4,125,least,5,skate,2,stage,,,,,,,,,,
staid,5,176,slant,6,swath,4,stack,3,staid,,,,,,,,
stain,3,176,slant,1,stain,,,,,,,,,,,,
stair,2,3,stair,,,,,,,,,,,,,,
stake,4,125,least,5,skate,1,stake,,,,,,,,,,
stale,4,125,least,2,slate,1,stale,,,,,,,,,,
stalk,3,176,slant,2,stalk,,,,,,,,,,,,
stall,4,176,slant,2,stalk,1,stall,,,,,,,,,,
stamp,6,176,slant,6,swath,4,stack,3,staid,2,stamp,,,,,,
stand,3,176,slant,2,stand,,,,,,,,,,,,
stank,4,176,slant,2,stand,1,stank,,,,,,,,,,
stare,3,41,crate,1,stare,,,,,,,,,,,,
stark,4,105,airts,4,smart,1,stark,,,,,,,,,,
start,4,105,airts,4,smart,1,start,,,,,,,,,,
stash,4,176,slant,6,swath,1,stash,,,,,,,,,,
state,4,125,least,5,skate,1,state,,,,,,,,,,
stave,5,125,least,5,skate,2,stage,1,stave,,,,,,,,
stead,3,125,least,3,stead,,,,,,,,,,,,
steak,4,125,least,3,stead,2,steak,,,,,,,,,,
steal,3,125,least,1,steal,,,,,,,,,,,,
steam,5,125,least,3,stead,2,steak,1,steam,,,,,,,,
steed,3,97,islet,2,steed,,,,,,,,,,,,
steel,3,97,islet,1,steel,,,,,,,,,,,,
steep,4,97,islet,2,steed,1,steep,,,,,,,,,,
steer,3,16,ither,1,steer,,,,,,,,,,,,
stein,3,304,steil,1,stein,,,,,,,,,,,,
stern,3,99,recit,4,stern,,,,,,,,,,,,
stick,4,311,inust,6,sixth,3,stick,,,,,,,,,,
stiff,5,311,inust,6,sixth,3,stick,2,stiff,,,,,,,,
still,6,311,inust,6,sixth,3,stick,2,stiff,1,still,,,,,,
stilt,4,311,inust,7,spilt,1,stilt,,,,,,,,,,
sting,3,311,inust,2,sting,,,,,,,,,,,,
stink,4,311,inust,2,sting,1,stink,,,,,,,,,,
stint,3,311,inust,1,stint,,,,,,,,,,,,
stock,3,266,houts,7,stock,,,,,,,,,,,,
stoic,4,266,houts,7,stock,1,stoic,,,,,,,,,,
stoke,4,68,pesto,6,ethos,4,stoke,,,,,,,,,,
stole,5,68,pesto,6,ethos,4,stoke,3,stole,,,,,,,,
stomp,4,266,houts,7,stock,5,stomp,,,,,,,,,,
stone,6,68,pesto,6,ethos,4,stoke,3,stole,2,stone,,,,,,
stony,5,266,houts,7,stock,5,stomp,3,stony,,,,,,,,
stood,6,266,houts,7,stock,5,stomp,3,stony,2,stood,,,,,,
stool,7,266,houts,7,stock,5,stomp,3,stony,2,stood,1,stool,,,,
stoop,5,266,houts,7,stock,5,stomp,1,stoop,,,,,,,,
store,3,17,forte,3,store,,,,,,,,,,,,
stork,3,109,horst,3,stork,,,,,,,,,,,,
storm,4,109,horst,3,stork,2,storm,,,,,,,,,,
story,5,109,horst,3,stork,2,storm,1,story,,,,,,,,
stout,6,266,houts,4,scout,3,snout,2,spout,1,stout,,,,,,
stove,7,68,pesto,6,ethos,4,stoke,3,stole,2,stone,1,stove,,,,
strap,3,105,airts,3,strap,,,,,,,,,,,,
straw,4,105,airts,3,strap,2,straw,,,,,,,,,,
stray,5,105,airts,3,strap,2,straw,1,stray,,,,,,,,
strip,3,121,bruit,1,strip,,,,,,,,,,,,
strut,3,121,bruit,1,strut,,,,,,,,,,,,
stuck,3,311,inust,4,stuck,,,,,,,,,,,,
study,4,311,inust,4,stuck,3,study,,,,,,,,,,
stuff,6,311,inust,4,stuck,3,study,2,stump,1,stuff,,,,,,
stump,5,311,inust,4,stuck,3,study,2,stump,,,,,,,,
stung,3,311,inust,2,stung,,,,,,,,,,,,
stunk,4,311,inust,2,stung,1,stunk,,,,,,,,,,
stunt,4,311,inust,2,shunt,1,stunt,,,,,,,,,,
style,3,304,steil,1,style,,,,,,,,,,,,
suave,4,398,deals,11,phase,3,suave,,,,,,,,,,
sugar,3,41,cigar,1,sugar,,,,,,,,,,,,
suing,3,920,sulci,1,suing,,,,,,,,,,,,
suite,5,304,steil,3,smite,2,spite,1,suite,,,,,,,,
sulky,3,920,sulci,2,sulky,,,,,,,,,,,,
sully,4,920,sulci,2,sulky,1,sully,,,,,,,,,,
sumac,4,748,anils,14,chasm,1,sumac,,,,,,,,,,
sunny,3,920,sulci,1,sunny,,,,,,,,,,,,
super,3,182,idler,21,super,,,,,,,,,,,,
surer,4,182,idler,21,super,1,surer,,,,,,,,,,
surge,4,391,epris,6,curse,1,surge,,,,,,,,,,
surly,3,333,cursi,1,surly,,,,,,,,,,,,
sushi,3,920,sulci,1,sushi,,,,,,,,,,,,
swami,4,748,anils,3,sigma,1,swami,,,,,,,,,,
swamp,4,748,anils,14,chasm,1,swamp,,,,,,,,,,
swarm,4,326,crans,5,shark,1,swarm,,,,,,,,,,
swash,5,748,anils,14,chasm,2,quash,1,swash,,,,,,,,
swath,3,176,slant,6,swath,,,,,,,,,,,,
swear,6,35,escar,4,shear,3,smear,2,spear,1,swear,,,,,,
sweat,3,125,least,1,sweat,,,,,,,,,,,,
sweep,4,591,lined,4,sheep,1,sweep,,,,,,,,,,
sweet,5,97,islet,5,unset,2,sheet,1,sweet,,,,,,,,
swell,4,787,elsin,7,welsh,1,swell,,,,,,,,,,
swept,4,304,steil,3,spent,1,swept,,,,,,,,,,
swift,5,311,inust,7,spilt,2,shift,1,swift,,,,,,,,
swill,5,920,sulci,6,slink,2,spill,1,swill,,,,,,,,
swine,5,787,elsin,7,snipe,2,shine,1,swine,,,,,,,,
swing,4,920,sulci,9,spiny,1,swing,,,,,,,,,,
swirl,4,333,cursi,4,risky,1,swirl,,,,,,,,,,
swish,5,920,sulci,9,spiny,2,skiff,1,swish,,,,,,,,
swoon,4,1009,sonly,5,shown,1,swoon,,,,,,,,,,
swoop,5,1009,sonly,8,shock,2,spoof,1,swoop,,,,,,,,
sword,5,329,drony,3,chord,2,fjord,1,sword,,,,,,,,
swore,7,139,ergos,9,horse,4,score,3,snore,2,spore,1,swore,,,,
sworn,5,329,drony,3,scorn,2,shorn,1,sworn,,,,,,,,
swung,4,920,sulci,5,spunk,1,swung,,,,,,,,,,
synod,3,1009,sonly,1,synod,,,,,,,,,,,,
syrup,4,333,cursi,3,shrub,1,syrup,,,,,,,,,,
tabby,4,199,nasty,4,tacky,3,tabby,,,,,,,,,,
table,3,23,baste,1,table,,,,,,,,,,,,
taboo,3,24,talon,1,taboo,,,,,,,,,,,,
tacit,4,199,nasty,6,caput,1,tacit,,,,,,,,,,
tacky,3,199,nasty,4,tacky,,,,,,,,,,,,
taffy,5,199,nasty,4,tacky,3,tabby,2,taffy,,,,,,,,
taint,6,199,nasty,9,daunt,3,faint,2,paint,1,taint,,,,,,
taken,3,26,cadet,1,taken,,,,,,,,,,,,
taker,2,9,taker,,,,,,,,,,,,,,
tally,6,199,nasty,4,tacky,3,tabby,2,taffy,1,tally,,,,,,
talon,2,24,talon,,,,,,,,,,,,,,
tamer,3,9,taker,2,tamer,,,,,,,,,,,,
tango,3,24,talon,1,tango,,,,,,,,,,,,
tangy,3,199,nasty,2,tangy,,,,,,,,,,,,
taper,4,9,taker,2,tamer,1,taper,,,,,,,,,,
tapir,2,3,tapir,,,,,,,,,,,,,,
tardy,3,39,party,1,tardy,,,,,,,,,,,,
tarot,3,6,tardo,1,tarot,,,,,,,,,,,,
taste,7,23,baste,5,caste,4,haste,3,paste,2,waste,1,taste,,,,
tasty,5,199,nasty,3,hasty,2,pasty,1,tasty,,,,,,,,
tatty,6,61,latch,7,patsy,3,batty,2,fatty,1,tatty,,,,,,
taunt,8,199,nasty,9,daunt,5,gaunt,4,haunt,3,jaunt,2,vaunt,1,taunt,,
tawny,4,199,nasty,2,tangy,1,tawny,,,,,,,,,,
teach,4,125,least,4,death,1,teach,,,,,,,,,,
teary,4,41,crate,2,heart,1,teary,,,,,,,,,,
tease,3,125,least,1,tease,,,,,,,,,,,,
teddy,4,304,steil,8,thyme,1,teddy,,,,,,,,,,
teeth,4,304,steil,5,theft,1,teeth,,,,,,,,,,
tempo,3,68,pesto,1,tempo,,,,,,,,,,,,
tenet,4,97,islet,5,unmet,1,tenet,,,,,,,,,,
tenor,2,1,tenor,,,,,,,,,,,,,,
tense,4,304,steil,3,zesty,1,tense,,,,,,,,,,
tenth,4,304,steil,8,thyme,1,tenth,,,,,,,,,,
tepee,4,97,islet,2,tweed,1,tepee,,,,,,,,,,
tepid,4,304,steil,3,debit,1,tepid,,,,,,,,,,
terra,4,41,crate,3,alert,1,terra,,,,,,,,,,
terse,4,99,recit,2,berth,1,terse,,,,,,,,,,
testy,4,304,steil,3,zesty,1,testy,,,,,,,,,,
thank,3,176,slant,2,thank,,,,,,,,,,,,
theft,3,304,steil,5,theft,,,,,,,,,,,,
their,2,1,their,,,,,,,,,,,,,,
theme,4,304,steil,5,theft,1,theme,,,,,,,,,,
there,4,99,recit,4,stern,1,there,,,,,,,,,,
these,4,304,steil,4,chest,1,these,,,,,,,,,,
theta,4,125,least,3,acute,1,theta,,,,,,,,,,
thick,4,311,inust,8,filth,1,thick,,,,,,,,,,
thief,3,97,islet,1,thief,,,,,,,,,,,,
thigh,4,311,inust,8,filth,1,thigh,,,,,,,,,,
thing,3,311,inust,5,thing,,,,,,,,,,,,
think,4,311,inust,5,thing,1,think,,,,,,,,,,
third,3,121,bruit,5,third,,,,,,,,,,,,
thong,3,266,houts,1,thong,,,,,,,,,,,,
thorn,4,109,horst,3,broth,1,thorn,,,,,,,,,,
those,4,68,pesto,6,ethos,1,those,,,,,,,,,,
three,4,31,rivet,2,threw,1,three,,,,,,,,,,
threw,3,31,rivet,2,threw,,,,,,,,,,,,
throb,3,109,horst,2,throb,,,,,,,,,,,,
throw,4,109,horst,2,throb,1,throw,,,,,,,,,,
thrum,4,121,bruit,2,rusty,1,thrum,,,,,,,,,,
thumb,3,311,inust,2,thumb,,,,,,,,,,,,
thump,4,311,inust,2,thumb,1,thump,,,,,,,,,,
thyme,3,304,steil,8,thyme,,,,,,,,,,,,
tiara,3,105,airts,1,tiara,,,,,,,,,,,,
tibia,4,176,slant,2,amity,1,tibia,,,,,,,,,,
tidal,3,176,slant,2,tidal,,,,,,,,,,,,
tiger,3,16,ither,2,tiger,,,,,,,,,,,,
tight,7,311,inust,8,light,4,fight,3,might,2,wight,1,tight,,,,
tilde,3,304,steil,2,tilde,,,,,,,,,,,,
timer,4,16,ither,2,tiger,1,timer,,,,,,,,,,
timid,4,311,inust,8,filth,1,timid,,,,,,,,,,
tipsy,3,311,inust,1,tipsy,,,,,,,,,,,,
titan,3,34,actin,1,titan,,,,,,,,,,,,
tithe,4,56,cutie,3,lithe,1,tithe,,,,,,,,,,
title,4,56,cutie,3,lithe,1,title,,,,,,,,,,
toast,4,73,bloat,3,ascot,1,toast,,,,,,,,,,
today,3,73,bloat,2,today,,,,,,,,,,,,
toddy,4,266,houts,8,tonic,1,toddy,,,,,,,,,,
token,3,31,comet,2,token,,,,,,,,,,,,
tonal,3,73,bloat,1,tonal,,,,,,,,,,,,
tonga,3,73,bloat,1,tonga,,,,,,,,,,,,
tonic,3,266,houts,8,tonic,,,,,,,,,,,,
tooth,5,266,houts,3,month,2,booth,1,tooth,,,,,,,,
topaz,4,73,bloat,2,today,1,topaz,,,,,,,,,,
topic,4,266,houts,8,tonic,2,topic,,,,,,,,,,
torch,4,109,horst,4,forth,1,torch,,,,,,,,,,
torso,3,109,horst,1,torso,,,,,,,,,,,,
torus,3,109,horst,1,torus,,,,,,,,,,,,
total,3,18,altho,1,total,,,,,,,,,,,,
totem,3,25,motel,1,totem,,,,,,,,,,,,
touch,3,266,houts,2,touch,,,,,,,,,,,,
tough,4,266,houts,2,touch,1,tough,,,,,,,,,,
towel,4,31,comet,2,token,1,towel,,,,,,,,,,
tower,2,6,tower,,,,,,,,,,,,,,
toxic,5,266,houts,8,tonic,2,topic,1,toxic,,,,,,,,
toxin,4,266,houts,8,tonic,1,toxin,,,,,,,,,,
trace,3,41,crate,1,trace,,,,,,,,,,,,
track,4,105,airts,10,craft,1,track,,,,,,,,,,
tract,4,105,airts,10,craft,1,tract,,,,,,,,,,
trade,3,41,crate,1,trade,,,,,,,,,,,,
trail,3,105,airts,5,trail,,,,,,,,,,,,
train,4,105,airts,5,trail,2,train,,,,,,,,,,
trait,5,105,airts,5,trail,2,train,1,trait,,,,,,,,
tramp,4,105,airts,10,craft,2,tramp,,,,,,,,,,
trash,4,105,airts,4,smart,1,trash,,,,,,,,,,
trawl,5,105,airts,10,craft,2,tramp,1,trawl,,,,,,,,
tread,4,41,crate,3,great,1,tread,,,,,,,,,,
treat,4,41,crate,3,great,1,treat,,,,,,,,,,
trend,4,99,recit,4,stern,1,trend,,,,,,,,,,
triad,4,105,airts,5,trail,1,triad,,,,,,,,,,
trial,4,105,airts,5,trail,1,trial,,,,,,,,,,
tribe,3,99,recit,4,tribe,,,,,,,,,,,,
trice,3,99,recit,1,trice,,,,,,,,,,,,
trick,4,121,bruit,2,fritz,1,trick,,,,,,,,,,
tried,3,31,rivet,1,tried,,,,,,,,,,,,
tripe,4,99,recit,4,tribe,2,tripe,,,,,,,,,,
trite,5,99,recit,4,tribe,2,tripe,1,trite,,,,,,,,
troll,3,109,horst,2,troll,,,,,,,,,,,,
troop,4,109,horst,2,troll,1,troop,,,,,,,,,,
trope,4,17,forte,3,store,2,trope,,,,,,,,,,
trout,4,109,horst,4,grout,1,trout,,,,,,,,,,
trove,5,17,forte,3,store,2,trope,1,trove,,,,,,,,
truce,3,99,recit,1,truce,,,,,,,,,,,,
truck,3,121,bruit,6,truck,,,,,,,,,,,,
truer,4,16,ither,2,tuber,1,truer,,,,,,,,,,
truly,4,121,bruit,6,truck,4,truly,,,,,,,,,,
trump,5,121,bruit,6,truck,4,truly,3,trump,,,,,,,,
trunk,4,121,bruit,6,truck,1,trunk,,,,,,,,,,
truss,6,121,bruit,6,truck,4,truly,3,trump,2,truss,,,,,,
trust,4,121,bruit,3,crust,1,trust,,,,,,,,,,
truth,7,121,bruit,6,truck,4,truly,3,trump,2,truss,1,truth,,,,
tryst,4,121,bruit,2,crypt,1,tryst,,,,,,,,,,
tubal,4,176,slant,2,tidal,1,tubal,,,,,,,,,,
tuber,3,16,ither,2,tuber,,,,,,,,,,,,
tulip,3,311,inust,1,tulip,,,,,,,,,,,,
tulle,4,304,steil,4,flute,1,tulle,,,,,,,,,,
tumor,2,4,tumor,,,,,,,,,,,,,,
tunic,3,311,inust,1,tunic,,,,,,,,,,,,
turbo,3,109,horst,1,turbo,,,,,,,,,,,,
tutor,3,4,motor,1,tutor,,,,,,,,,,,,
twang,4,176,slant,2,thank,1,twang,,,,,,,,,,
tweak,4,125,least,3,acute,1,tweak,,,,,,,,,,
tweed,3,97,islet,2,tweed,,,,,,,,,,,,
tweet,5,97,islet,5,unmet,2,beget,1,tweet,,,,,,,,
twice,3,304,steil,9,twice,,,,,,,,,,,,
twine,4,304,steil,9,twice,1,twine,,,,,,,,,,
twirl,4,121,bruit,5,third,1,twirl,,,,,,,,,,
twist,4,311,inust,2,midst,1,twist,,,,,,,,,,
twixt,4,311,inust,8,light,1,twixt,,,,,,,,,,
tying,4,311,inust,5,thing,1,tying,,,,,,,,,,
udder,3,182,idler,1,udder,,,,,,,,,,,,
ulcer,4,182,idler,5,bluer,1,ulcer,,,,,,,,,,
ultra,3,8,artsy,1,ultra,,,,,,,,,,,,
umbra,4,326,crans,6,mural,1,umbra,,,,,,,,,,
uncle,4,787,elsin,3,lunge,1,uncle,,,,,,,,,,
uncut,3,311,inust,1,uncut,,,,,,,,,,,,
under,3,182,idler,4,under,,,,,,,,,,,,
undid,5,920,sulci,3,unify,2,unzip,1,undid,,,,,,,,
undue,4,787,elsin,12,dunce,1,undue,,,,,,,,,,
unfed,3,591,lined,3,unfed,,,,,,,,,,,,
unfit,3,311,inust,2,unfit,,,,,,,,,,,,
unify,3,920,sulci,3,unify,,,,,,,,,,,,
union,4,1009,sonly,4,inbox,1,union,,,,,,,,,,
unite,5,304,steil,9,twice,2,quite,1,unite,,,,,,,,
unity,3,311,inust,1,unity,,,,,,,,,,,,
unlit,4,311,inust,2,unfit,1,unlit,,,,,,,,,,
unmet,3,97,islet,5,unmet,,,,,,,,,,,,
unset,3,97,islet,5,unset,,,,,,,,,,,,
untie,3,56,cutie,1,untie,,,,,,,,,,,,
until,3,82,ditch,1,until,,,,,,,,,,,,
unwed,4,591,lined,3,unfed,1,unwed,,,,,,,,,,
unzip,4,920,sulci,3,unify,2,unzip,,,,,,,,,,
upper,4,182,idler,21,super,1,upper,,,,,,,,,,
upset,4,97,islet,5,unset,1,upset,,,,,,,,,,
urban,3,326,crans,1,urban,,,,,,,,,,,,
urine,5,391,epris,13,bride,3,crime,1,urine,,,,,,,,
usage,5,398,deals,11,phase,3,suave,1,usage,,,,,,,,
usher,4,182,idler,21,super,1,usher,,,,,,,,,,
using,4,920,sulci,2,minus,1,using,,,,,,,,,,
usual,4,748,anils,8,clash,1,usual,,,,,,,,,,
usurp,4,333,cursi,3,slurp,1,usurp,,,,,,,,,,
utile,3,304,steil,1,utile,,,,,,,,,,,,
utter,4,18,inter,4,deter,1,utter,,,,,,,,,,
vague,3,112,value,1,vague,,,,,,,,,,,,
valet,3,26,cadet,1,valet,,,,,,,,,,,,
valid,4,743,layin,3,cavil,1,valid,,,,,,,,,,
valor,2,13,valor,,,,,,,,,,,,,,
value,2,112,value,,,,,,,,,,,,,,
valve,3,112,value,1,valve,,,,,,,,,,,,
vapid,5,743,layin,6,basic,3,mafia,1,vapid,,,,,,,,
vapor,3,13,valor,1,vapor,,,,,,,,,,,,
vault,5,199,nasty,6,caput,2,fault,1,vault,,,,,,,,
vaunt,7,199,nasty,9,daunt,5,gaunt,4,haunt,3,jaunt,2,vaunt,,,,
vegan,4,398,deals,5,began,1,vegan,,,,,,,,,,
venom,4,317,enols,2,demon,1,venom,,,,,,,,,,
venue,4,787,elsin,12,dunce,1,venue,,,,,,,,,,
verge,5,391,epris,13,mercy,4,nerve,1,verge,,,,,,,,
verse,4,391,epris,6,curse,1,verse,,,,,,,,,,
verso,4,139,ergos,9,horse,1,verso,,,,,,,,,,
verve,5,391,epris,13,mercy,4,nerve,1,verve,,,,,,,,
vicar,3,41,cigar,1,vicar,,,,,,,,,,,,
video,3,258,novel,1,video,,,,,,,,,,,,
vigil,5,920,sulci,12,blind,2,imply,1,vigil,,,,,,,,
vigor,3,34,choir,5,vigor,,,,,,,,,,,,
villa,3,748,anils,1,villa,,,,,,,,,,,,
vinyl,4,920,sulci,12,blind,1,vinyl,,,,,,,,,,
viola,4,302,monal,6,aglow,1,viola,,,,,,,,,,
viper,4,182,idler,15,finer,8,viper,,,,,,,,,,
viral,4,326,crans,6,mural,1,viral,,,,,,,,,,
virus,3,333,cursi,1,virus,,,,,,,,,,,,
visit,4,311,inust,7,spilt,1,visit,,,,,,,,,,
visor,4,34,choir,5,vigor,1,visor,,,,,,,,,,
vista,3,176,slant,1,vista,,,,,,,,,,,,
vital,3,34,actin,1,vital,,,,,,,,,,,,
vivid,4,920,sulci,19,dingy,1,vivid,,,,,,,,,,
vixen,4,591,lined,2,given,1,vixen,,,,,,,,,,
vocal,4,302,monal,4,focal,2,vocal,,,,,,,,,,
vodka,4,302,monal,4,coach,1,vodka,,,,,,,,,,
vogue,3,317,enols,8,vogue,,,,,,,,,,,,
voice,4,317,enols,8,vogue,1,voice,,,,,,,,,,
voila,4,302,monal,3,polka,1,voila,,,,,,,,,,
vomit,4,266,houts,8,tonic,1,vomit,,,,,,,,,,
voter,2,4,voter,,,,,,,,,,,,,,
vouch,5,1009,sonly,8,cough,2,pouch,1,vouch,,,,,,,,
vowel,3,258,novel,1,vowel,,,,,,,,,,,,
vying,4,920,sulci,19,dingy,1,vying,,,,,,,,,,
wacky,4,743,layin,17,bawdy,1,wacky,,,,,,,,,,
wafer,5,86,gaper,10,baker,7,safer,1,wafer,,,,,,,,
wager,4,86,gaper,3,lager,2,wager,,,,,,,,,,
wagon,3,104,canso,1,wagon,,,,,,,,,,,,
waist,3,199,nasty,1,waist,,,,,,,,,,,,
waive,4,112,value,2,naive,1,waive,,,,,,,,,,
waltz,4,199,nasty,3,faith,1,waltz,,,,,,,,,,
warty,3,39,party,1,warty,,,,,,,,,,,,
waste,6,23,baste,5,caste,4,haste,3,paste,2,waste,,,,,,
watch,6,61,latch,6,batch,5,match,4,patch,3,watch,,,,,,
water,5,11,cater,4,hater,3,later,2,water,,,,,,,,
waver,6,86,gaper,10,baker,7,safer,4,layer,3,waver,,,,,,
waxen,3,268,navel,1,waxen,,,,,,,,,,,,
weary,4,190,recal,5,beard,2,weary,,,,,,,,,,
weave,4,398,deals,6,peach,1,weave,,,,,,,,,,
wedge,5,787,elsin,15,budge,2,hedge,1,wedge,,,,,,,,
weedy,4,787,elsin,15,budge,1,weedy,,,,,,,,,,
weigh,4,787,elsin,9,chide,1,weigh,,,,,,,,,,
weird,4,391,epris,13,bride,1,weird,,,,,,,,,,
welch,4,787,elsin,15,belch,1,welch,,,,,,,,,,
welsh,3,787,elsin,7,welsh,,,,,,,,,,,,
wench,5,787,elsin,12,dunce,2,bench,1,wench,,,,,,,,
whack,3,748,anils,5,whack,,,,,,,,,,,,
whale,3,398,deals,1,whale,,,,,,,,,,,,
wharf,4,326,crans,7,dwarf,1,wharf,,,,,,,,,,
wheat,4,125,least,4,cheat,1,wheat,,,,,,,,,,
wheel,4,591,lined,10,bleep,1,wheel,,,,,,,,,,
whelp,4,787,elsin,15,belch,1,whelp,,,,,,,,,,
where,4,391,epris,12,decry,1,where,,,,,,,,,,
which,4,920,sulci,6,winch,1,which,,,,,,,,,,
whiff,4,920,sulci,19,dingy,1,whiff,,,,,,,,,,
while,4,787,elsin,8,bilge,1,while,,,,,,,,,,
whine,4,787,elsin,11,hinge,1,whine,,,,,,,,,,
whiny,4,920,sulci,19,dingy,1,whiny,,,,,,,,,,
whirl,4,333,cursi,14,grind,1,whirl,,,,,,,,,,
whisk,4,920,sulci,5,wispy,1,whisk,,,,,,,,,,
white,4,304,steil,9,twice,1,white,,,,,,,,,,
whole,3,317,enols,1,whole,,,,,,,,,,,,
whoop,4,1009,sonly,8,buxom,2,whoop,,,,,,,,,,
whose,4,317,enols,8,chose,1,whose,,,,,,,,,,
widen,3,591,lined,1,widen,,,,,,,,,,,,
wider,4,182,idler,6,cider,2,wider,,,,,,,,,,
widow,5,1009,sonly,8,buxom,2,whoop,1,widow,,,,,,,,
width,4,311,inust,8,filth,1,width,,,,,,,,,,
wield,5,787,elsin,8,bilge,3,field,2,wield,,,,,,,,
wight,6,311,inust,8,light,4,fight,3,might,2,wight,,,,,,
willy,7,920,sulci,7,filmy,4,billy,3,dilly,2,hilly,1,willy,,,,
wimpy,4,920,sulci,19,dingy,4,wimpy,,,,,,,,,,
wince,5,787,elsin,11,hinge,2,mince,1,wince,,,,,,,,
winch,3,920,sulci,6,winch,,,,,,,,,,,,
windy,4,920,sulci,19,dingy,1,windy,,,,,,,,,,
wiser,6,182,idler,15,finer,8,viper,3,miser,2,wiser,,,,,,
wispy,3,920,sulci,5,wispy,,,,,,,,,,,,
witch,4,82,ditch,3,pitch,2,witch,,,,,,,,,,
witty,5,82,ditch,3,bitty,2,kitty,1,witty,,,,,,,,
woken,5,258,novel,6,money,2,dozen,1,woken,,,,,,,,
woman,4,302,monal,2,nomad,1,woman,,,,,,,,,,
women,4,258,novel,6,money,1,women,,,,,,,,,,
woody,4,1009,sonly,15,howdy,1,woody,,,,,,,,,,
wooer,3,64,vower,1,wooer,,,,,,,,,,,,
wooly,5,1009,sonly,9,godly,6,lowly,1,wooly,,,,,,,,
woozy,4,1009,sonly,15,howdy,1,woozy,,,,,,,,,,
wordy,4,329,drony,2,rowdy,1,wordy,,,,,,,,,,
world,4,329,drony,2,gourd,1,world,,,,,,,,,,
worry,6,329,drony,4,rocky,3,lorry,2,sorry,1,worry,,,,,,
worse,4,139,ergos,9,horse,1,worse,,,,,,,,,,
worst,3,109,horst,1,worst,,,,,,,,,,,,
worth,5,109,horst,4,forth,2,north,1,worth,,,,,,,,
would,4,1009,sonly,2,could,1,would,,,,,,,,,,
wound,8,1009,sonly,8,bound,5,found,4,hound,3,mound,2,pound,1,wound,,
woven,4,258,novel,2,coven,1,woven,,,,,,,,,,
wrack,3,326,crans,1,wrack,,,,,,,,,,,,
wrath,3,105,airts,1,wrath,,,,,,,,,,,,
wreak,5,190,recal,6,bread,2,freak,1,wreak,,,,,,,,
wreck,4,391,epris,12,decry,2,wreck,,,,,,,,,,
wrest,4,99,recit,3,erupt,1,wrest,,,,,,,,,,
wring,5,333,cursi,14,grind,2,bring,1,wring,,,,,,,,
wrist,5,121,bruit,3,drift,2,print,1,wrist,,,,,,,,
write,4,99,recit,4,tribe,1,write,,,,,,,,,,
wrong,4,329,drony,2,prong,1,wrong,,,,,,,,,,
wrote,3,17,forte,1,wrote,,,,,,,,,,,,
wrung,3,333,cursi,4,wrung,,,,,,,,,,,,
wryly,4,333,cursi,2,dryly,1,wryly,,,,,,,,,,
yacht,3,199,nasty,1,yacht,,,,,,,,,,,,
yearn,5,190,recal,5,beard,2,weary,1,yearn,,,,,,,,
yeast,5,125,least,3,beast,2,feast,1,yeast,,,,,,,,
yield,6,787,elsin,8,bilge,3,field,2,wield,1,yield,,,,,,
young,3,1009,sonly,1,young,,,,,,,,,,,,
youth,4,266,houts,2,mouth,1,youth,,,,,,,,,,
zebra,4,190,recal,5,beard,1,zebra,,,,,,,,,,
zesty,3,304,steil,3,zesty,,,,,,,,,,,,
zonal,3,302,monal,1,zonal,,,,,,,,,,,,
